round,date,first,second,third,fourth,fifth,sixth,bonus,win
959,2021.04.17,1,14,15,24,40,41,35,1
959,2021.04.17,1,2,3,4,5,6,7,0
958,2021.04.10,2,9,10,16,35,37,1,1
958,2021.04.10,1,2,3,4,5,6,7,0
957,2021.04.03,4,15,24,35,36,40,1,1
957,2021.04.03,1,2,3,4,5,6,7,0
956,2021.03.27,10,11,20,21,25,41,40,1
956,2021.03.27,1,2,3,4,5,6,7,0
955,2021.03.20,4,9,23,26,29,33,8,1
955,2021.03.20,1,2,3,4,5,6,7,0
954,2021.03.13,1,9,26,28,30,41,32,1
954,2021.03.13,1,2,3,4,5,6,7,0
953,2021.03.06,7,9,22,27,37,42,34,1
953,2021.03.06,1,2,3,4,5,6,7,0
952,2021.02.27,4,12,22,24,33,41,38,1
952,2021.02.27,1,2,3,4,5,6,7,0
951,2021.02.20,2,12,30,31,39,43,38,1
951,2021.02.20,1,2,3,4,5,6,7,0
950,2021.02.13,3,4,15,22,28,40,10,1
950,2021.02.13,1,2,3,4,5,6,7,0
949,2021.02.06,14,21,35,36,40,44,30,1
949,2021.02.06,1,2,3,4,5,6,7,0
948,2021.01.30,13,18,30,31,38,41,5,1
948,2021.01.30,1,2,3,4,5,6,7,0
947,2021.01.23,3,8,17,20,27,35,26,1
947,2021.01.23,1,2,3,4,5,6,7,0
946,2021.01.16,9,18,19,30,34,40,20,1
946,2021.01.16,1,2,3,4,5,6,7,0
945,2021.01.09,9,10,15,30,33,37,26,1
945,2021.01.09,1,2,3,4,5,6,7,0
944,2021.01.02,2,13,16,19,32,33,42,1
944,2021.01.02,1,2,3,4,5,6,7,0
943,2020.12.26,1,8,13,36,44,45,39,1
943,2020.12.26,1,2,3,4,5,6,7,0
942,2020.12.19,10,12,18,35,42,43,39,1
942,2020.12.19,1,2,3,4,5,6,7,0
941,2020.12.12,12,14,25,27,39,40,35,1
941,2020.12.12,1,2,3,4,5,6,7,0
940,2020.12.05,3,15,20,22,24,41,11,1
940,2020.12.05,1,2,3,4,5,6,7,0
939,2020.11.28,4,11,28,39,42,45,6,1
939,2020.11.28,1,2,3,4,5,6,7,0
938,2020.11.21,4,8,10,16,31,36,9,1
938,2020.11.21,1,2,3,4,5,6,7,0
937,2020.11.14,2,10,13,22,29,40,26,1
937,2020.11.14,1,2,3,4,5,6,7,0
936,2020.11.07,7,11,13,17,18,29,43,1
936,2020.11.07,1,2,3,4,5,6,7,0
935,2020.10.31,4,10,20,32,38,44,18,1
935,2020.10.31,1,2,3,4,5,6,7,0
934,2020.10.24,1,3,30,33,36,39,12,1
934,2020.10.24,1,2,3,4,5,6,7,0
933,2020.10.17,23,27,29,31,36,45,37,1
933,2020.10.17,1,2,3,4,5,6,7,0
932,2020.10.10,1,6,15,36,37,38,5,1
932,2020.10.10,1,2,3,4,5,6,7,0
931,2020.10.03,14,15,23,25,35,43,32,1
931,2020.10.03,1,2,3,4,5,6,7,0
930,2020.09.26,8,21,25,38,39,44,28,1
930,2020.09.26,1,2,3,4,5,6,7,0
929,2020.09.19,7,9,12,15,19,23,4,1
929,2020.09.19,1,2,3,4,5,6,7,0
928,2020.09.12,3,4,10,20,28,44,30,1
928,2020.09.12,1,2,3,4,5,6,7,0
927,2020.09.05,4,15,22,38,41,43,26,1
927,2020.09.05,1,2,3,4,5,6,7,0
926,2020.08.29,10,16,18,20,25,31,6,1
926,2020.08.29,1,2,3,4,5,6,7,0
925,2020.08.22,13,24,32,34,39,42,4,1
925,2020.08.22,1,2,3,4,5,6,7,0
924,2020.08.15,3,11,34,42,43,44,13,1
924,2020.08.15,1,2,3,4,5,6,7,0
923,2020.08.08,3,17,18,23,36,41,26,1
923,2020.08.08,1,2,3,4,5,6,7,0
922,2020.08.01,2,6,13,17,27,43,36,1
922,2020.08.01,1,2,3,4,5,6,7,0
921,2020.07.25,5,7,12,22,28,41,1,1
921,2020.07.25,1,2,3,4,5,6,7,0
920,2020.07.18,2,3,26,33,34,43,29,1
920,2020.07.18,1,2,3,4,5,6,7,0
919,2020.07.11,9,14,17,18,42,44,35,1
919,2020.07.11,1,2,3,4,5,6,7,0
918,2020.07.04,7,11,12,31,33,38,5,1
918,2020.07.04,1,2,3,4,5,6,7,0
917,2020.06.27,1,3,23,24,27,43,34,1
917,2020.06.27,1,2,3,4,5,6,7,0
916,2020.06.20,6,21,22,32,35,36,17,1
916,2020.06.20,1,2,3,4,5,6,7,0
915,2020.06.13,2,6,11,13,22,37,14,1
915,2020.06.13,1,2,3,4,5,6,7,0
914,2020.06.06,16,19,24,33,42,44,27,1
914,2020.06.06,1,2,3,4,5,6,7,0
913,2020.05.30,6,14,16,21,27,37,40,1
913,2020.05.30,1,2,3,4,5,6,7,0
912,2020.05.23,5,8,18,21,22,38,10,1
912,2020.05.23,1,2,3,4,5,6,7,0
911,2020.05.16,4,5,12,14,32,42,35,1
911,2020.05.16,1,2,3,4,5,6,7,0
910,2020.05.09,1,11,17,27,35,39,31,1
910,2020.05.09,1,2,3,4,5,6,7,0
909,2020.05.02,7,24,29,30,34,35,33,1
909,2020.05.02,1,2,3,4,5,6,7,0
908,2020.04.25,3,16,21,22,23,44,30,1
908,2020.04.25,1,2,3,4,5,6,7,0
907,2020.04.18,21,27,29,38,40,44,37,1
907,2020.04.18,1,2,3,4,5,6,7,0
906,2020.04.11,2,5,14,28,31,32,20,1
906,2020.04.11,1,2,3,4,5,6,7,0
905,2020.04.04,3,4,16,27,38,40,20,1
905,2020.04.04,1,2,3,4,5,6,7,0
904,2020.03.28,2,6,8,26,43,45,11,1
904,2020.03.28,1,2,3,4,5,6,7,0
903,2020.03.21,2,15,16,21,22,28,45,1
903,2020.03.21,1,2,3,4,5,6,7,0
902,2020.03.14,7,19,23,24,36,39,30,1
902,2020.03.14,1,2,3,4,5,6,7,0
901,2020.03.07,5,18,20,23,30,34,21,1
901,2020.03.07,1,2,3,4,5,6,7,0
900,2020.02.29,7,13,16,18,35,38,14,1
900,2020.02.29,1,2,3,4,5,6,7,0
899,2020.02.22,8,19,20,21,33,39,37,1
899,2020.02.22,1,2,3,4,5,6,7,0
898,2020.02.15,18,21,28,35,37,42,17,1
898,2020.02.15,1,2,3,4,5,6,7,0
897,2020.02.08,6,7,12,22,26,36,29,1
897,2020.02.08,1,2,3,4,5,6,7,0
896,2020.02.01,5,12,25,26,38,45,23,1
896,2020.02.01,1,2,3,4,5,6,7,0
895,2020.01.25,16,26,31,38,39,41,23,1
895,2020.01.25,1,2,3,4,5,6,7,0
894,2020.01.18,19,32,37,40,41,43,45,1
894,2020.01.18,1,2,3,4,5,6,7,0
893,2020.01.11,1,15,17,23,25,41,10,1
893,2020.01.11,1,2,3,4,5,6,7,0
892,2020.01.04,4,9,17,18,26,42,36,1
892,2020.01.04,1,2,3,4,5,6,7,0
891,2019.12.28,9,13,28,31,39,41,19,1
891,2019.12.28,1,2,3,4,5,6,7,0
890,2019.12.21,1,4,14,18,29,37,6,1
890,2019.12.21,1,2,3,4,5,6,7,0
889,2019.12.14,3,13,29,38,39,42,26,1
889,2019.12.14,1,2,3,4,5,6,7,0
888,2019.12.07,3,7,12,31,34,38,32,1
888,2019.12.07,1,2,3,4,5,6,7,0
887,2019.11.30,8,14,17,27,36,45,10,1
887,2019.11.30,1,2,3,4,5,6,7,0
886,2019.11.23,19,23,28,37,42,45,2,1
886,2019.11.23,1,2,3,4,5,6,7,0
885,2019.11.16,1,3,24,27,39,45,31,1
885,2019.11.16,1,2,3,4,5,6,7,0
884,2019.11.09,4,14,23,28,37,45,17,1
884,2019.11.09,1,2,3,4,5,6,7,0
883,2019.11.02,9,18,32,33,37,44,22,1
883,2019.11.02,1,2,3,4,5,6,7,0
882,2019.10.26,18,34,39,43,44,45,23,1
882,2019.10.26,1,2,3,4,5,6,7,0
881,2019.10.19,4,18,20,26,27,32,9,1
881,2019.10.19,1,2,3,4,5,6,7,0
880,2019.10.12,7,17,19,23,24,45,38,1
880,2019.10.12,1,2,3,4,5,6,7,0
879,2019.10.05,1,4,10,14,15,35,20,1
879,2019.10.05,1,2,3,4,5,6,7,0
878,2019.09.28,2,6,11,16,25,31,3,1
878,2019.09.28,1,2,3,4,5,6,7,0
877,2019.09.21,5,17,18,22,23,43,12,1
877,2019.09.21,1,2,3,4,5,6,7,0
876,2019.09.14,5,16,21,26,34,42,24,1
876,2019.09.14,1,2,3,4,5,6,7,0
875,2019.09.07,19,22,30,34,39,44,36,1
875,2019.09.07,1,2,3,4,5,6,7,0
874,2019.08.31,1,15,19,23,28,42,32,1
874,2019.08.31,1,2,3,4,5,6,7,0
873,2019.08.24,3,5,12,13,33,39,38,1
873,2019.08.24,1,2,3,4,5,6,7,0
872,2019.08.17,2,4,30,32,33,43,29,1
872,2019.08.17,1,2,3,4,5,6,7,0
871,2019.08.10,2,6,12,26,30,34,38,1
871,2019.08.10,1,2,3,4,5,6,7,0
870,2019.08.03,21,25,30,32,40,42,31,1
870,2019.08.03,1,2,3,4,5,6,7,0
869,2019.07.27,2,6,20,27,37,39,4,1
869,2019.07.27,1,2,3,4,5,6,7,0
868,2019.07.20,12,17,28,41,43,44,25,1
868,2019.07.20,1,2,3,4,5,6,7,0
867,2019.07.13,14,17,19,22,24,40,41,1
867,2019.07.13,1,2,3,4,5,6,7,0
866,2019.07.06,9,15,29,34,37,39,12,1
866,2019.07.06,1,2,3,4,5,6,7,0
865,2019.06.29,3,15,22,32,33,45,2,1
865,2019.06.29,1,2,3,4,5,6,7,0
864,2019.06.22,3,7,10,13,25,36,32,1
864,2019.06.22,1,2,3,4,5,6,7,0
863,2019.06.15,16,21,28,35,39,43,12,1
863,2019.06.15,1,2,3,4,5,6,7,0
862,2019.06.08,10,34,38,40,42,43,32,1
862,2019.06.08,1,2,3,4,5,6,7,0
861,2019.06.01,11,17,19,21,22,25,24,1
861,2019.06.01,1,2,3,4,5,6,7,0
860,2019.05.25,4,8,18,25,27,32,42,1
860,2019.05.25,1,2,3,4,5,6,7,0
859,2019.05.18,8,22,35,38,39,41,24,1
859,2019.05.18,1,2,3,4,5,6,7,0
858,2019.05.11,9,13,32,38,39,43,23,1
858,2019.05.11,1,2,3,4,5,6,7,0
857,2019.05.04,6,10,16,28,34,38,43,1
857,2019.05.04,1,2,3,4,5,6,7,0
856,2019.04.27,10,24,40,41,43,44,17,1
856,2019.04.27,1,2,3,4,5,6,7,0
855,2019.04.20,8,15,17,19,43,44,7,1
855,2019.04.20,1,2,3,4,5,6,7,0
854,2019.04.13,20,25,31,32,36,43,3,1
854,2019.04.13,1,2,3,4,5,6,7,0
853,2019.04.06,2,8,23,26,27,44,13,1
853,2019.04.06,1,2,3,4,5,6,7,0
852,2019.03.30,11,17,28,30,33,35,9,1
852,2019.03.30,1,2,3,4,5,6,7,0
851,2019.03.23,14,18,22,26,31,44,40,1
851,2019.03.23,1,2,3,4,5,6,7,0
850,2019.03.16,16,20,24,28,36,39,5,1
850,2019.03.16,1,2,3,4,5,6,7,0
849,2019.03.09,5,13,17,29,34,39,3,1
849,2019.03.09,1,2,3,4,5,6,7,0
848,2019.03.02,1,2,16,22,38,39,34,1
848,2019.03.02,1,2,3,4,5,6,7,0
847,2019.02.23,12,16,26,28,30,42,22,1
847,2019.02.23,1,2,3,4,5,6,7,0
846,2019.02.16,5,18,30,41,43,45,13,1
846,2019.02.16,1,2,3,4,5,6,7,0
845,2019.02.09,1,16,29,33,40,45,6,1
845,2019.02.09,1,2,3,4,5,6,7,0
844,2019.02.02,7,8,13,15,33,45,18,1
844,2019.02.02,1,2,3,4,5,6,7,0
843,2019.01.26,19,21,30,33,34,42,4,1
843,2019.01.26,1,2,3,4,5,6,7,0
842,2019.01.19,14,26,32,36,39,42,38,1
842,2019.01.19,1,2,3,4,5,6,7,0
841,2019.01.12,5,11,14,30,33,38,24,1
841,2019.01.12,1,2,3,4,5,6,7,0
840,2019.01.05,2,4,11,28,29,43,27,1
840,2019.01.05,1,2,3,4,5,6,7,0
839,2018.12.29,3,9,11,12,13,19,35,1
839,2018.12.29,1,2,3,4,5,6,7,0
838,2018.12.22,9,14,17,33,36,38,20,1
838,2018.12.22,1,2,3,4,5,6,7,0
837,2018.12.15,2,25,28,30,33,45,6,1
837,2018.12.15,1,2,3,4,5,6,7,0
836,2018.12.08,1,9,11,14,26,28,19,1
836,2018.12.08,1,2,3,4,5,6,7,0
835,2018.12.01,9,10,13,28,38,45,35,1
835,2018.12.01,1,2,3,4,5,6,7,0
834,2018.11.24,6,8,18,35,42,43,3,1
834,2018.11.24,1,2,3,4,5,6,7,0
833,2018.11.17,12,18,30,39,41,42,19,1
833,2018.11.17,1,2,3,4,5,6,7,0
832,2018.11.10,13,14,19,26,40,43,30,1
832,2018.11.10,1,2,3,4,5,6,7,0
831,2018.11.03,3,10,16,19,31,39,9,1
831,2018.11.03,1,2,3,4,5,6,7,0
830,2018.10.27,5,6,16,18,37,38,17,1
830,2018.10.27,1,2,3,4,5,6,7,0
829,2018.10.20,4,5,31,35,43,45,29,1
829,2018.10.20,1,2,3,4,5,6,7,0
828,2018.10.13,4,7,13,29,31,39,18,1
828,2018.10.13,1,2,3,4,5,6,7,0
827,2018.10.06,5,11,12,29,33,44,14,1
827,2018.10.06,1,2,3,4,5,6,7,0
826,2018.09.29,13,16,24,25,33,36,42,1
826,2018.09.29,1,2,3,4,5,6,7,0
825,2018.09.22,8,15,21,31,33,38,42,1
825,2018.09.22,1,2,3,4,5,6,7,0
824,2018.09.15,7,9,24,29,34,38,26,1
824,2018.09.15,1,2,3,4,5,6,7,0
823,2018.09.08,12,18,24,26,39,40,15,1
823,2018.09.08,1,2,3,4,5,6,7,0
822,2018.09.01,9,18,20,24,27,36,12,1
822,2018.09.01,1,2,3,4,5,6,7,0
821,2018.08.25,1,12,13,24,29,44,16,1
821,2018.08.25,1,2,3,4,5,6,7,0
820,2018.08.18,10,21,22,30,35,42,6,1
820,2018.08.18,1,2,3,4,5,6,7,0
819,2018.08.11,16,25,33,38,40,45,15,1
819,2018.08.11,1,2,3,4,5,6,7,0
818,2018.08.04,14,15,25,28,29,30,3,1
818,2018.08.04,1,2,3,4,5,6,7,0
817,2018.07.28,3,9,12,13,25,43,34,1
817,2018.07.28,1,2,3,4,5,6,7,0
816,2018.07.21,12,18,19,29,31,39,7,1
816,2018.07.21,1,2,3,4,5,6,7,0
815,2018.07.14,17,21,25,26,27,36,4,1
815,2018.07.14,1,2,3,4,5,6,7,0
814,2018.07.07,2,21,28,38,42,45,30,1
814,2018.07.07,1,2,3,4,5,6,7,0
813,2018.06.30,11,30,34,35,42,44,27,1
813,2018.06.30,1,2,3,4,5,6,7,0
812,2018.06.23,1,3,12,14,16,43,10,1
812,2018.06.23,1,2,3,4,5,6,7,0
811,2018.06.16,8,11,19,21,36,45,25,1
811,2018.06.16,1,2,3,4,5,6,7,0
810,2018.06.09,5,10,13,21,39,43,11,1
810,2018.06.09,1,2,3,4,5,6,7,0
809,2018.06.02,6,11,15,17,23,40,39,1
809,2018.06.02,1,2,3,4,5,6,7,0
808,2018.05.26,15,21,31,32,41,43,24,1
808,2018.05.26,1,2,3,4,5,6,7,0
807,2018.05.19,6,10,18,25,34,35,33,1
807,2018.05.19,1,2,3,4,5,6,7,0
806,2018.05.12,14,20,23,31,37,38,27,1
806,2018.05.12,1,2,3,4,5,6,7,0
805,2018.05.05,3,12,13,18,31,32,42,1
805,2018.05.05,1,2,3,4,5,6,7,0
804,2018.04.28,1,10,13,26,32,36,9,1
804,2018.04.28,1,2,3,4,5,6,7,0
803,2018.04.21,5,9,14,26,30,43,2,1
803,2018.04.21,1,2,3,4,5,6,7,0
802,2018.04.14,10,11,12,18,24,42,27,1
802,2018.04.14,1,2,3,4,5,6,7,0
801,2018.04.07,17,25,28,37,43,44,2,1
801,2018.04.07,1,2,3,4,5,6,7,0
800,2018.03.31,1,4,10,12,28,45,26,1
800,2018.03.31,1,2,3,4,5,6,7,0
799,2018.03.24,12,17,23,34,42,45,33,1
799,2018.03.24,1,2,3,4,5,6,7,0
798,2018.03.17,2,10,14,22,32,36,41,1
798,2018.03.17,1,2,3,4,5,6,7,0
797,2018.03.10,5,22,31,32,39,45,36,1
797,2018.03.10,1,2,3,4,5,6,7,0
796,2018.03.03,1,21,26,36,40,41,5,1
796,2018.03.03,1,2,3,4,5,6,7,0
795,2018.02.24,3,10,13,26,34,38,36,1
795,2018.02.24,1,2,3,4,5,6,7,0
794,2018.02.17,6,7,18,19,30,38,13,1
794,2018.02.17,1,2,3,4,5,6,7,0
793,2018.02.10,10,15,21,35,38,43,31,1
793,2018.02.10,1,2,3,4,5,6,7,0
792,2018.02.03,2,7,19,25,29,36,16,1
792,2018.02.03,1,2,3,4,5,6,7,0
791,2018.01.27,2,10,12,31,33,42,32,1
791,2018.01.27,1,2,3,4,5,6,7,0
790,2018.01.20,3,8,19,27,30,41,12,1
790,2018.01.20,1,2,3,4,5,6,7,0
789,2018.01.13,2,6,7,12,19,45,38,1
789,2018.01.13,1,2,3,4,5,6,7,0
788,2018.01.06,2,10,11,19,35,39,29,1
788,2018.01.06,1,2,3,4,5,6,7,0
787,2017.12.30,5,6,13,16,27,28,9,1
787,2017.12.30,1,2,3,4,5,6,7,0
786,2017.12.23,12,15,16,20,24,30,38,1
786,2017.12.23,1,2,3,4,5,6,7,0
785,2017.12.16,4,6,15,25,26,33,40,1
785,2017.12.16,1,2,3,4,5,6,7,0
784,2017.12.09,3,10,23,24,31,39,22,1
784,2017.12.09,1,2,3,4,5,6,7,0
783,2017.12.02,14,15,16,17,38,45,36,1
783,2017.12.02,1,2,3,4,5,6,7,0
782,2017.11.25,6,18,31,34,38,45,20,1
782,2017.11.25,1,2,3,4,5,6,7,0
781,2017.11.18,11,16,18,19,24,39,43,1
781,2017.11.18,1,2,3,4,5,6,7,0
780,2017.11.11,15,17,19,21,27,45,16,1
780,2017.11.11,1,2,3,4,5,6,7,0
779,2017.11.04,6,12,19,24,34,41,4,1
779,2017.11.04,1,2,3,4,5,6,7,0
778,2017.10.28,6,21,35,36,37,41,11,1
778,2017.10.28,1,2,3,4,5,6,7,0
777,2017.10.21,6,12,17,21,34,37,18,1
777,2017.10.21,1,2,3,4,5,6,7,0
776,2017.10.14,8,9,18,21,28,40,20,1
776,2017.10.14,1,2,3,4,5,6,7,0
775,2017.10.07,11,12,29,33,38,42,17,1
775,2017.10.07,1,2,3,4,5,6,7,0
774,2017.09.30,12,15,18,28,34,42,9,1
774,2017.09.30,1,2,3,4,5,6,7,0
773,2017.09.23,8,12,19,21,31,35,44,1
773,2017.09.23,1,2,3,4,5,6,7,0
772,2017.09.16,5,6,11,14,21,41,32,1
772,2017.09.16,1,2,3,4,5,6,7,0
771,2017.09.09,6,10,17,18,21,29,30,1
771,2017.09.09,1,2,3,4,5,6,7,0
770,2017.09.02,1,9,12,23,39,43,34,1
770,2017.09.02,1,2,3,4,5,6,7,0
769,2017.08.26,5,7,11,16,41,45,4,1
769,2017.08.26,1,2,3,4,5,6,7,0
768,2017.08.19,7,27,29,30,38,44,4,1
768,2017.08.19,1,2,3,4,5,6,7,0
767,2017.08.12,5,15,20,31,34,42,22,1
767,2017.08.12,1,2,3,4,5,6,7,0
766,2017.08.05,9,30,34,35,39,41,21,1
766,2017.08.05,1,2,3,4,5,6,7,0
765,2017.07.29,1,3,8,12,42,43,33,1
765,2017.07.29,1,2,3,4,5,6,7,0
764,2017.07.22,7,22,24,31,34,36,15,1
764,2017.07.22,1,2,3,4,5,6,7,0
763,2017.07.15,3,8,16,32,34,43,10,1
763,2017.07.15,1,2,3,4,5,6,7,0
762,2017.07.08,1,3,12,21,26,41,16,1
762,2017.07.08,1,2,3,4,5,6,7,0
761,2017.07.01,4,7,11,24,42,45,30,1
761,2017.07.01,1,2,3,4,5,6,7,0
760,2017.06.24,10,22,27,31,42,43,12,1
760,2017.06.24,1,2,3,4,5,6,7,0
759,2017.06.17,9,33,36,40,42,43,32,1
759,2017.06.17,1,2,3,4,5,6,7,0
758,2017.06.10,5,9,12,30,39,43,24,1
758,2017.06.10,1,2,3,4,5,6,7,0
757,2017.06.03,6,7,11,17,33,44,1,1
757,2017.06.03,1,2,3,4,5,6,7,0
756,2017.05.27,10,14,16,18,27,28,4,1
756,2017.05.27,1,2,3,4,5,6,7,0
755,2017.05.20,13,14,26,28,30,36,37,1
755,2017.05.20,1,2,3,4,5,6,7,0
754,2017.05.13,2,8,17,24,29,31,32,1
754,2017.05.13,1,2,3,4,5,6,7,0
753,2017.05.06,2,17,19,24,37,41,3,1
753,2017.05.06,1,2,3,4,5,6,7,0
752,2017.04.29,4,16,20,33,40,43,7,1
752,2017.04.29,1,2,3,4,5,6,7,0
751,2017.04.22,3,4,16,20,28,44,17,1
751,2017.04.22,1,2,3,4,5,6,7,0
750,2017.04.15,1,2,15,19,24,36,12,1
750,2017.04.15,1,2,3,4,5,6,7,0
749,2017.04.08,12,14,24,26,34,45,41,1
749,2017.04.08,1,2,3,4,5,6,7,0
748,2017.04.01,3,10,13,22,31,32,29,1
748,2017.04.01,1,2,3,4,5,6,7,0
747,2017.03.25,7,9,12,14,23,28,17,1
747,2017.03.25,1,2,3,4,5,6,7,0
746,2017.03.18,3,12,33,36,42,45,25,1
746,2017.03.18,1,2,3,4,5,6,7,0
745,2017.03.11,1,2,3,9,12,23,10,1
745,2017.03.11,1,2,3,4,5,6,7,0
744,2017.03.04,10,15,18,21,34,41,43,1
744,2017.03.04,1,2,3,4,5,6,7,0
743,2017.02.25,15,19,21,34,41,44,10,1
743,2017.02.25,1,2,3,4,5,6,7,0
742,2017.02.18,8,10,13,36,37,40,6,1
742,2017.02.18,1,2,3,4,5,6,7,0
741,2017.02.11,5,21,27,34,44,45,16,1
741,2017.02.11,1,2,3,4,5,6,7,0
740,2017.02.04,4,8,9,16,17,19,31,1
740,2017.02.04,1,2,3,4,5,6,7,0
739,2017.01.28,7,22,29,33,34,35,30,1
739,2017.01.28,1,2,3,4,5,6,7,0
738,2017.01.21,23,27,28,38,42,43,36,1
738,2017.01.21,1,2,3,4,5,6,7,0
737,2017.01.14,13,15,18,24,27,41,11,1
737,2017.01.14,1,2,3,4,5,6,7,0
736,2017.01.07,2,11,17,18,21,27,6,1
736,2017.01.07,1,2,3,4,5,6,7,0
735,2016.12.31,5,10,13,27,37,41,4,1
735,2016.12.31,1,2,3,4,5,6,7,0
734,2016.12.24,6,16,37,38,41,45,18,1
734,2016.12.24,1,2,3,4,5,6,7,0
733,2016.12.17,11,24,32,33,35,40,13,1
733,2016.12.17,1,2,3,4,5,6,7,0
732,2016.12.10,2,4,5,17,27,32,43,1
732,2016.12.10,1,2,3,4,5,6,7,0
731,2016.12.03,2,7,13,25,42,45,39,1
731,2016.12.03,1,2,3,4,5,6,7,0
730,2016.11.26,4,10,14,15,18,22,39,1
730,2016.11.26,1,2,3,4,5,6,7,0
729,2016.11.19,11,17,21,26,36,45,16,1
729,2016.11.19,1,2,3,4,5,6,7,0
728,2016.11.12,3,6,10,30,34,37,36,1
728,2016.11.12,1,2,3,4,5,6,7,0
727,2016.11.05,7,8,10,19,21,31,20,1
727,2016.11.05,1,2,3,4,5,6,7,0
726,2016.10.29,1,11,21,23,34,44,24,1
726,2016.10.29,1,2,3,4,5,6,7,0
725,2016.10.22,6,7,19,21,41,43,38,1
725,2016.10.22,1,2,3,4,5,6,7,0
724,2016.10.15,2,8,33,35,37,41,14,1
724,2016.10.15,1,2,3,4,5,6,7,0
723,2016.10.08,20,30,33,35,36,44,22,1
723,2016.10.08,1,2,3,4,5,6,7,0
722,2016.10.01,12,14,21,30,39,43,45,1
722,2016.10.01,1,2,3,4,5,6,7,0
721,2016.09.24,1,28,35,41,43,44,31,1
721,2016.09.24,1,2,3,4,5,6,7,0
720,2016.09.17,1,12,29,34,36,37,41,1
720,2016.09.17,1,2,3,4,5,6,7,0
719,2016.09.10,4,8,13,19,20,43,26,1
719,2016.09.10,1,2,3,4,5,6,7,0
718,2016.09.03,4,11,20,23,32,39,40,1
718,2016.09.03,1,2,3,4,5,6,7,0
717,2016.08.27,2,11,19,25,28,32,44,1
717,2016.08.27,1,2,3,4,5,6,7,0
716,2016.08.20,2,6,13,16,29,30,21,1
716,2016.08.20,1,2,3,4,5,6,7,0
715,2016.08.13,2,7,27,33,41,44,10,1
715,2016.08.13,1,2,3,4,5,6,7,0
714,2016.08.06,1,7,22,33,37,40,20,1
714,2016.08.06,1,2,3,4,5,6,7,0
713,2016.07.30,2,5,15,18,19,23,44,1
713,2016.07.30,1,2,3,4,5,6,7,0
712,2016.07.23,17,20,30,31,33,45,19,1
712,2016.07.23,1,2,3,4,5,6,7,0
711,2016.07.16,11,15,24,35,37,45,42,1
711,2016.07.16,1,2,3,4,5,6,7,0
710,2016.07.09,3,4,9,24,25,33,10,1
710,2016.07.09,1,2,3,4,5,6,7,0
709,2016.07.02,10,18,30,36,39,44,32,1
709,2016.07.02,1,2,3,4,5,6,7,0
708,2016.06.25,2,10,16,19,34,45,1,1
708,2016.06.25,1,2,3,4,5,6,7,0
707,2016.06.18,2,12,19,24,39,44,35,1
707,2016.06.18,1,2,3,4,5,6,7,0
706,2016.06.11,3,4,6,10,28,30,37,1
706,2016.06.11,1,2,3,4,5,6,7,0
705,2016.06.04,1,6,17,22,28,45,23,1
705,2016.06.04,1,2,3,4,5,6,7,0
704,2016.05.28,1,4,8,23,33,42,45,1
704,2016.05.28,1,2,3,4,5,6,7,0
703,2016.05.21,10,28,31,33,41,44,21,1
703,2016.05.21,1,2,3,4,5,6,7,0
702,2016.05.14,3,13,16,24,26,29,9,1
702,2016.05.14,1,2,3,4,5,6,7,0
701,2016.05.07,3,10,14,16,36,38,35,1
701,2016.05.07,1,2,3,4,5,6,7,0
700,2016.04.30,11,23,28,29,30,44,13,1
700,2016.04.30,1,2,3,4,5,6,7,0
699,2016.04.23,4,5,8,16,21,29,3,1
699,2016.04.23,1,2,3,4,5,6,7,0
698,2016.04.16,3,11,13,21,33,37,18,1
698,2016.04.16,1,2,3,4,5,6,7,0
697,2016.04.09,2,5,8,11,33,39,31,1
697,2016.04.09,1,2,3,4,5,6,7,0
696,2016.04.02,1,7,16,18,34,38,21,1
696,2016.04.02,1,2,3,4,5,6,7,0
695,2016.03.26,4,18,26,33,34,38,14,1
695,2016.03.26,1,2,3,4,5,6,7,0
694,2016.03.19,7,15,20,25,33,43,12,1
694,2016.03.19,1,2,3,4,5,6,7,0
693,2016.03.12,1,6,11,28,34,42,30,1
693,2016.03.12,1,2,3,4,5,6,7,0
692,2016.03.05,3,11,14,15,32,36,44,1
692,2016.03.05,1,2,3,4,5,6,7,0
691,2016.02.27,15,27,33,35,43,45,16,1
691,2016.02.27,1,2,3,4,5,6,7,0
690,2016.02.20,24,25,33,34,38,39,43,1
690,2016.02.20,1,2,3,4,5,6,7,0
689,2016.02.13,7,17,19,30,36,38,34,1
689,2016.02.13,1,2,3,4,5,6,7,0
688,2016.02.06,5,15,22,23,34,35,2,1
688,2016.02.06,1,2,3,4,5,6,7,0
687,2016.01.30,1,8,10,13,28,42,45,1
687,2016.01.30,1,2,3,4,5,6,7,0
686,2016.01.23,7,12,15,24,25,43,13,1
686,2016.01.23,1,2,3,4,5,6,7,0
685,2016.01.16,6,7,12,28,38,40,18,1
685,2016.01.16,1,2,3,4,5,6,7,0
684,2016.01.09,1,11,15,17,25,39,40,1
684,2016.01.09,1,2,3,4,5,6,7,0
683,2016.01.02,6,13,20,27,28,40,15,1
683,2016.01.02,1,2,3,4,5,6,7,0
682,2015.12.26,17,23,27,35,38,43,2,1
682,2015.12.26,1,2,3,4,5,6,7,0
681,2015.12.19,21,24,27,29,43,44,7,1
681,2015.12.19,1,2,3,4,5,6,7,0
680,2015.12.12,4,10,19,29,32,42,30,1
680,2015.12.12,1,2,3,4,5,6,7,0
679,2015.12.05,3,5,7,14,26,34,35,1
679,2015.12.05,1,2,3,4,5,6,7,0
678,2015.11.28,4,5,6,12,25,37,45,1
678,2015.11.28,1,2,3,4,5,6,7,0
677,2015.11.21,12,15,24,36,41,44,42,1
677,2015.11.21,1,2,3,4,5,6,7,0
676,2015.11.14,1,8,17,34,39,45,27,1
676,2015.11.14,1,2,3,4,5,6,7,0
675,2015.11.07,1,8,11,15,18,45,7,1
675,2015.11.07,1,2,3,4,5,6,7,0
674,2015.10.31,9,10,14,25,27,31,11,1
674,2015.10.31,1,2,3,4,5,6,7,0
673,2015.10.24,7,10,17,29,33,44,5,1
673,2015.10.24,1,2,3,4,5,6,7,0
672,2015.10.17,8,21,28,31,36,45,43,1
672,2015.10.17,1,2,3,4,5,6,7,0
671,2015.10.10,7,9,10,13,31,35,24,1
671,2015.10.10,1,2,3,4,5,6,7,0
670,2015.10.03,11,18,26,27,40,41,25,1
670,2015.10.03,1,2,3,4,5,6,7,0
669,2015.09.26,7,8,20,29,33,38,9,1
669,2015.09.26,1,2,3,4,5,6,7,0
668,2015.09.19,12,14,15,24,27,32,3,1
668,2015.09.19,1,2,3,4,5,6,7,0
667,2015.09.12,15,17,25,37,42,43,13,1
667,2015.09.12,1,2,3,4,5,6,7,0
666,2015.09.05,2,4,6,11,17,28,16,1
666,2015.09.05,1,2,3,4,5,6,7,0
665,2015.08.29,5,6,11,17,38,44,13,1
665,2015.08.29,1,2,3,4,5,6,7,0
664,2015.08.22,10,20,33,36,41,44,5,1
664,2015.08.22,1,2,3,4,5,6,7,0
663,2015.08.15,3,5,8,19,38,42,20,1
663,2015.08.15,1,2,3,4,5,6,7,0
662,2015.08.08,5,6,9,11,15,37,26,1
662,2015.08.08,1,2,3,4,5,6,7,0
661,2015.08.01,2,3,12,20,27,38,40,1
661,2015.08.01,1,2,3,4,5,6,7,0
660,2015.07.25,4,9,23,33,39,44,14,1
660,2015.07.25,1,2,3,4,5,6,7,0
659,2015.07.18,7,18,19,27,29,42,45,1
659,2015.07.18,1,2,3,4,5,6,7,0
658,2015.07.11,8,19,25,28,32,36,37,1
658,2015.07.11,1,2,3,4,5,6,7,0
657,2015.07.04,10,14,19,39,40,43,23,1
657,2015.07.04,1,2,3,4,5,6,7,0
656,2015.06.27,3,7,14,16,31,40,39,1
656,2015.06.27,1,2,3,4,5,6,7,0
655,2015.06.20,7,37,38,39,40,44,18,1
655,2015.06.20,1,2,3,4,5,6,7,0
654,2015.06.13,16,21,26,31,36,43,6,1
654,2015.06.13,1,2,3,4,5,6,7,0
653,2015.06.06,5,6,26,27,38,39,1,1
653,2015.06.06,1,2,3,4,5,6,7,0
652,2015.05.30,3,13,15,40,41,44,20,1
652,2015.05.30,1,2,3,4,5,6,7,0
651,2015.05.23,11,12,16,26,29,44,18,1
651,2015.05.23,1,2,3,4,5,6,7,0
650,2015.05.16,3,4,7,11,31,41,35,1
650,2015.05.16,1,2,3,4,5,6,7,0
649,2015.05.09,3,21,22,33,41,42,20,1
649,2015.05.09,1,2,3,4,5,6,7,0
648,2015.05.02,13,19,28,37,38,43,4,1
648,2015.05.02,1,2,3,4,5,6,7,0
647,2015.04.25,5,16,21,23,24,30,29,1
647,2015.04.25,1,2,3,4,5,6,7,0
646,2015.04.18,2,9,24,41,43,45,30,1
646,2015.04.18,1,2,3,4,5,6,7,0
645,2015.04.11,1,4,16,26,40,41,31,1
645,2015.04.11,1,2,3,4,5,6,7,0
644,2015.04.04,5,13,17,23,28,36,8,1
644,2015.04.04,1,2,3,4,5,6,7,0
643,2015.03.28,15,24,31,32,33,40,13,1
643,2015.03.28,1,2,3,4,5,6,7,0
642,2015.03.21,8,17,18,24,39,45,32,1
642,2015.03.21,1,2,3,4,5,6,7,0
641,2015.03.14,11,18,21,36,37,43,12,1
641,2015.03.14,1,2,3,4,5,6,7,0
640,2015.03.07,14,15,18,21,26,35,23,1
640,2015.03.07,1,2,3,4,5,6,7,0
639,2015.02.28,6,15,22,23,25,32,40,1
639,2015.02.28,1,2,3,4,5,6,7,0
638,2015.02.21,7,18,22,24,31,34,6,1
638,2015.02.21,1,2,3,4,5,6,7,0
637,2015.02.14,3,16,22,37,38,44,23,1
637,2015.02.14,1,2,3,4,5,6,7,0
636,2015.02.07,6,7,15,16,20,31,26,1
636,2015.02.07,1,2,3,4,5,6,7,0
635,2015.01.31,11,13,25,26,29,33,32,1
635,2015.01.31,1,2,3,4,5,6,7,0
634,2015.01.24,4,10,11,12,20,27,38,1
634,2015.01.24,1,2,3,4,5,6,7,0
633,2015.01.17,9,12,19,20,39,41,13,1
633,2015.01.17,1,2,3,4,5,6,7,0
632,2015.01.10,15,18,21,32,35,44,6,1
632,2015.01.10,1,2,3,4,5,6,7,0
631,2015.01.03,1,2,4,23,31,34,8,1
631,2015.01.03,1,2,3,4,5,6,7,0
630,2014.12.27,8,17,21,24,27,31,15,1
630,2014.12.27,1,2,3,4,5,6,7,0
629,2014.12.20,19,28,31,38,43,44,1,1
629,2014.12.20,1,2,3,4,5,6,7,0
628,2014.12.13,1,7,12,15,23,42,11,1
628,2014.12.13,1,2,3,4,5,6,7,0
627,2014.12.06,2,9,22,25,31,45,12,1
627,2014.12.06,1,2,3,4,5,6,7,0
626,2014.11.29,13,14,26,33,40,43,15,1
626,2014.11.29,1,2,3,4,5,6,7,0
625,2014.11.22,3,6,7,20,21,39,13,1
625,2014.11.22,1,2,3,4,5,6,7,0
624,2014.11.15,1,7,19,26,27,35,16,1
624,2014.11.15,1,2,3,4,5,6,7,0
623,2014.11.08,7,13,30,39,41,45,25,1
623,2014.11.08,1,2,3,4,5,6,7,0
622,2014.11.01,9,15,16,21,28,34,24,1
622,2014.11.01,1,2,3,4,5,6,7,0
621,2014.10.25,1,2,6,16,19,42,9,1
621,2014.10.25,1,2,3,4,5,6,7,0
620,2014.10.18,2,16,17,32,39,45,40,1
620,2014.10.18,1,2,3,4,5,6,7,0
619,2014.10.11,6,8,13,30,35,40,21,1
619,2014.10.11,1,2,3,4,5,6,7,0
618,2014.10.04,8,16,25,30,42,43,15,1
618,2014.10.04,1,2,3,4,5,6,7,0
617,2014.09.27,4,5,11,12,24,27,28,1
617,2014.09.27,1,2,3,4,5,6,7,0
616,2014.09.20,5,13,18,23,40,45,3,1
616,2014.09.20,1,2,3,4,5,6,7,0
615,2014.09.13,10,17,18,19,23,27,35,1
615,2014.09.13,1,2,3,4,5,6,7,0
614,2014.09.06,8,21,25,39,40,44,18,1
614,2014.09.06,1,2,3,4,5,6,7,0
613,2014.08.30,7,8,11,16,41,44,35,1
613,2014.08.30,1,2,3,4,5,6,7,0
612,2014.08.23,6,9,18,19,25,33,40,1
612,2014.08.23,1,2,3,4,5,6,7,0
611,2014.08.16,2,22,27,33,36,37,14,1
611,2014.08.16,1,2,3,4,5,6,7,0
610,2014.08.09,14,18,20,23,28,36,33,1
610,2014.08.09,1,2,3,4,5,6,7,0
609,2014.08.02,4,8,27,34,39,40,13,1
609,2014.08.02,1,2,3,4,5,6,7,0
608,2014.07.26,4,8,18,19,39,44,41,1
608,2014.07.26,1,2,3,4,5,6,7,0
607,2014.07.19,8,14,23,36,38,39,13,1
607,2014.07.19,1,2,3,4,5,6,7,0
606,2014.07.12,1,5,6,14,20,39,22,1
606,2014.07.12,1,2,3,4,5,6,7,0
605,2014.07.05,1,2,7,9,10,38,42,1
605,2014.07.05,1,2,3,4,5,6,7,0
604,2014.06.28,2,6,18,21,33,34,30,1
604,2014.06.28,1,2,3,4,5,6,7,0
603,2014.06.21,2,19,25,26,27,43,28,1
603,2014.06.21,1,2,3,4,5,6,7,0
602,2014.06.14,13,14,22,27,30,38,2,1
602,2014.06.14,1,2,3,4,5,6,7,0
601,2014.06.07,2,16,19,31,34,35,37,1
601,2014.06.07,1,2,3,4,5,6,7,0
600,2014.05.31,5,11,14,27,29,36,44,1
600,2014.05.31,1,2,3,4,5,6,7,0
599,2014.05.24,5,12,17,29,34,35,27,1
599,2014.05.24,1,2,3,4,5,6,7,0
598,2014.05.17,4,12,24,33,38,45,22,1
598,2014.05.17,1,2,3,4,5,6,7,0
597,2014.05.10,8,10,23,24,35,43,37,1
597,2014.05.10,1,2,3,4,5,6,7,0
596,2014.05.03,3,4,12,14,25,43,17,1
596,2014.05.03,1,2,3,4,5,6,7,0
595,2014.04.26,8,24,28,35,38,40,5,1
595,2014.04.26,1,2,3,4,5,6,7,0
594,2014.04.19,2,8,13,25,28,37,3,1
594,2014.04.19,1,2,3,4,5,6,7,0
593,2014.04.12,9,10,13,24,33,38,28,1
593,2014.04.12,1,2,3,4,5,6,7,0
592,2014.04.05,2,5,6,13,28,44,43,1
592,2014.04.05,1,2,3,4,5,6,7,0
591,2014.03.29,8,13,14,30,38,39,5,1
591,2014.03.29,1,2,3,4,5,6,7,0
590,2014.03.22,20,30,36,38,41,45,23,1
590,2014.03.22,1,2,3,4,5,6,7,0
589,2014.03.15,6,8,28,33,38,39,22,1
589,2014.03.15,1,2,3,4,5,6,7,0
588,2014.03.08,2,8,15,22,25,41,30,1
588,2014.03.08,1,2,3,4,5,6,7,0
587,2014.03.01,14,21,29,31,32,37,17,1
587,2014.03.01,1,2,3,4,5,6,7,0
586,2014.02.22,2,7,12,15,21,34,5,1
586,2014.02.22,1,2,3,4,5,6,7,0
585,2014.02.15,6,7,10,16,38,41,4,1
585,2014.02.15,1,2,3,4,5,6,7,0
584,2014.02.08,7,18,30,39,40,41,36,1
584,2014.02.08,1,2,3,4,5,6,7,0
583,2014.02.01,8,17,27,33,40,44,24,1
583,2014.02.01,1,2,3,4,5,6,7,0
582,2014.01.25,2,12,14,33,40,41,25,1
582,2014.01.25,1,2,3,4,5,6,7,0
581,2014.01.18,3,5,14,20,42,44,33,1
581,2014.01.18,1,2,3,4,5,6,7,0
580,2014.01.11,5,7,9,11,32,35,33,1
580,2014.01.11,1,2,3,4,5,6,7,0
579,2014.01.04,5,7,20,22,37,42,39,1
579,2014.01.04,1,2,3,4,5,6,7,0
578,2013.12.28,5,12,14,32,34,42,16,1
578,2013.12.28,1,2,3,4,5,6,7,0
577,2013.12.21,16,17,22,31,34,37,33,1
577,2013.12.21,1,2,3,4,5,6,7,0
576,2013.12.14,10,11,15,25,35,41,13,1
576,2013.12.14,1,2,3,4,5,6,7,0
575,2013.12.07,2,8,20,30,33,34,6,1
575,2013.12.07,1,2,3,4,5,6,7,0
574,2013.11.30,14,15,16,19,25,43,2,1
574,2013.11.30,1,2,3,4,5,6,7,0
573,2013.11.23,2,4,20,34,35,43,14,1
573,2013.11.23,1,2,3,4,5,6,7,0
572,2013.11.16,3,13,18,33,37,45,1,1
572,2013.11.16,1,2,3,4,5,6,7,0
571,2013.11.09,11,18,21,26,38,43,29,1
571,2013.11.09,1,2,3,4,5,6,7,0
570,2013.11.02,1,12,26,27,29,33,42,1
570,2013.11.02,1,2,3,4,5,6,7,0
569,2013.10.26,3,6,13,23,24,35,1,1
569,2013.10.26,1,2,3,4,5,6,7,0
568,2013.10.19,1,3,17,20,31,44,40,1
568,2013.10.19,1,2,3,4,5,6,7,0
567,2013.10.12,1,10,15,16,32,41,28,1
567,2013.10.12,1,2,3,4,5,6,7,0
566,2013.10.05,4,5,6,25,26,43,41,1
566,2013.10.05,1,2,3,4,5,6,7,0
565,2013.09.28,4,10,18,27,40,45,38,1
565,2013.09.28,1,2,3,4,5,6,7,0
564,2013.09.21,14,19,25,26,27,34,2,1
564,2013.09.21,1,2,3,4,5,6,7,0
563,2013.09.14,5,10,16,17,31,32,21,1
563,2013.09.14,1,2,3,4,5,6,7,0
562,2013.09.07,4,11,13,17,20,31,33,1
562,2013.09.07,1,2,3,4,5,6,7,0
561,2013.08.31,5,7,18,37,42,45,20,1
561,2013.08.31,1,2,3,4,5,6,7,0
560,2013.08.24,1,4,20,23,29,45,28,1
560,2013.08.24,1,2,3,4,5,6,7,0
559,2013.08.17,11,12,25,32,44,45,23,1
559,2013.08.17,1,2,3,4,5,6,7,0
558,2013.08.10,12,15,19,26,40,43,29,1
558,2013.08.10,1,2,3,4,5,6,7,0
557,2013.08.03,4,20,26,28,35,40,31,1
557,2013.08.03,1,2,3,4,5,6,7,0
556,2013.07.27,12,20,23,28,30,44,43,1
556,2013.07.27,1,2,3,4,5,6,7,0
555,2013.07.20,11,17,21,24,26,36,12,1
555,2013.07.20,1,2,3,4,5,6,7,0
554,2013.07.13,13,14,17,32,41,42,6,1
554,2013.07.13,1,2,3,4,5,6,7,0
553,2013.07.06,2,7,17,28,29,39,37,1
553,2013.07.06,1,2,3,4,5,6,7,0
552,2013.06.29,1,10,20,32,35,40,43,1
552,2013.06.29,1,2,3,4,5,6,7,0
551,2013.06.22,3,6,20,24,27,44,25,1
551,2013.06.22,1,2,3,4,5,6,7,0
550,2013.06.15,1,7,14,20,34,37,41,1
550,2013.06.15,1,2,3,4,5,6,7,0
549,2013.06.08,29,31,35,38,40,44,17,1
549,2013.06.08,1,2,3,4,5,6,7,0
548,2013.06.01,1,12,13,21,32,45,14,1
548,2013.06.01,1,2,3,4,5,6,7,0
547,2013.05.25,6,7,15,22,34,39,28,1
547,2013.05.25,1,2,3,4,5,6,7,0
546,2013.05.18,8,17,20,27,37,43,6,1
546,2013.05.18,1,2,3,4,5,6,7,0
545,2013.05.11,4,24,25,27,34,35,2,1
545,2013.05.11,1,2,3,4,5,6,7,0
544,2013.05.04,5,17,21,25,36,44,10,1
544,2013.05.04,1,2,3,4,5,6,7,0
543,2013.04.27,13,18,26,31,34,44,12,1
543,2013.04.27,1,2,3,4,5,6,7,0
542,2013.04.20,5,6,19,26,41,45,34,1
542,2013.04.20,1,2,3,4,5,6,7,0
541,2013.04.13,8,13,26,28,32,34,43,1
541,2013.04.13,1,2,3,4,5,6,7,0
540,2013.04.06,3,12,13,15,34,36,14,1
540,2013.04.06,1,2,3,4,5,6,7,0
539,2013.03.30,3,19,22,31,42,43,26,1
539,2013.03.30,1,2,3,4,5,6,7,0
538,2013.03.23,6,10,18,31,32,34,11,1
538,2013.03.23,1,2,3,4,5,6,7,0
537,2013.03.16,12,23,26,30,36,43,11,1
537,2013.03.16,1,2,3,4,5,6,7,0
536,2013.03.09,7,8,18,32,37,43,12,1
536,2013.03.09,1,2,3,4,5,6,7,0
535,2013.03.02,11,12,14,15,18,39,34,1
535,2013.03.02,1,2,3,4,5,6,7,0
534,2013.02.23,10,24,26,29,37,38,32,1
534,2013.02.23,1,2,3,4,5,6,7,0
533,2013.02.16,9,14,15,17,31,33,23,1
533,2013.02.16,1,2,3,4,5,6,7,0
532,2013.02.09,16,17,23,24,29,44,3,1
532,2013.02.09,1,2,3,4,5,6,7,0
531,2013.02.02,1,5,9,21,27,35,45,1
531,2013.02.02,1,2,3,4,5,6,7,0
530,2013.01.26,16,23,27,29,33,41,22,1
530,2013.01.26,1,2,3,4,5,6,7,0
529,2013.01.19,18,20,24,27,31,42,39,1
529,2013.01.19,1,2,3,4,5,6,7,0
528,2013.01.12,5,17,25,31,39,40,10,1
528,2013.01.12,1,2,3,4,5,6,7,0
527,2013.01.05,1,12,22,32,33,42,38,1
527,2013.01.05,1,2,3,4,5,6,7,0
526,2012.12.29,7,14,17,20,35,39,31,1
526,2012.12.29,1,2,3,4,5,6,7,0
525,2012.12.22,11,23,26,29,39,44,22,1
525,2012.12.22,1,2,3,4,5,6,7,0
524,2012.12.15,10,11,29,38,41,45,21,1
524,2012.12.15,1,2,3,4,5,6,7,0
523,2012.12.08,1,4,37,38,40,45,7,1
523,2012.12.08,1,2,3,4,5,6,7,0
522,2012.12.01,4,5,13,14,37,41,11,1
522,2012.12.01,1,2,3,4,5,6,7,0
521,2012.11.24,3,7,18,29,32,36,19,1
521,2012.11.24,1,2,3,4,5,6,7,0
520,2012.11.17,4,22,27,28,38,40,1,1
520,2012.11.17,1,2,3,4,5,6,7,0
519,2012.11.10,6,8,13,16,30,43,3,1
519,2012.11.10,1,2,3,4,5,6,7,0
518,2012.11.03,14,23,30,32,34,38,6,1
518,2012.11.03,1,2,3,4,5,6,7,0
517,2012.10.27,1,9,12,28,36,41,10,1
517,2012.10.27,1,2,3,4,5,6,7,0
516,2012.10.20,2,8,23,41,43,44,30,1
516,2012.10.20,1,2,3,4,5,6,7,0
515,2012.10.13,2,11,12,15,23,37,8,1
515,2012.10.13,1,2,3,4,5,6,7,0
514,2012.10.06,1,15,20,26,35,42,9,1
514,2012.10.06,1,2,3,4,5,6,7,0
513,2012.09.29,5,8,21,23,27,33,12,1
513,2012.09.29,1,2,3,4,5,6,7,0
512,2012.09.22,4,5,9,13,26,27,1,1
512,2012.09.22,1,2,3,4,5,6,7,0
511,2012.09.15,3,7,14,23,26,42,24,1
511,2012.09.15,1,2,3,4,5,6,7,0
510,2012.09.08,12,29,32,33,39,40,42,1
510,2012.09.08,1,2,3,4,5,6,7,0
509,2012.09.01,12,25,29,35,42,43,24,1
509,2012.09.01,1,2,3,4,5,6,7,0
508,2012.08.25,5,27,31,34,35,43,37,1
508,2012.08.25,1,2,3,4,5,6,7,0
507,2012.08.18,12,13,32,33,40,41,4,1
507,2012.08.18,1,2,3,4,5,6,7,0
506,2012.08.11,6,9,11,22,24,30,31,1
506,2012.08.11,1,2,3,4,5,6,7,0
505,2012.08.04,7,20,22,25,38,40,44,1
505,2012.08.04,1,2,3,4,5,6,7,0
504,2012.07.28,6,14,22,26,43,44,31,1
504,2012.07.28,1,2,3,4,5,6,7,0
503,2012.07.21,1,5,27,30,34,36,40,1
503,2012.07.21,1,2,3,4,5,6,7,0
502,2012.07.14,6,22,28,32,34,40,26,1
502,2012.07.14,1,2,3,4,5,6,7,0
501,2012.07.07,1,4,10,17,31,42,2,1
501,2012.07.07,1,2,3,4,5,6,7,0
500,2012.06.30,3,4,12,20,24,34,41,1
500,2012.06.30,1,2,3,4,5,6,7,0
499,2012.06.23,5,20,23,27,35,40,43,1
499,2012.06.23,1,2,3,4,5,6,7,0
498,2012.06.16,13,14,24,32,39,41,3,1
498,2012.06.16,1,2,3,4,5,6,7,0
497,2012.06.09,19,20,23,24,43,44,13,1
497,2012.06.09,1,2,3,4,5,6,7,0
496,2012.06.02,4,13,20,29,36,41,39,1
496,2012.06.02,1,2,3,4,5,6,7,0
495,2012.05.26,4,13,22,27,34,44,6,1
495,2012.05.26,1,2,3,4,5,6,7,0
494,2012.05.19,5,7,8,15,30,43,22,1
494,2012.05.19,1,2,3,4,5,6,7,0
493,2012.05.12,20,22,26,33,36,37,25,1
493,2012.05.12,1,2,3,4,5,6,7,0
492,2012.05.05,22,27,31,35,37,40,42,1
492,2012.05.05,1,2,3,4,5,6,7,0
491,2012.04.28,8,17,35,36,39,42,4,1
491,2012.04.28,1,2,3,4,5,6,7,0
490,2012.04.21,2,7,26,29,40,43,42,1
490,2012.04.21,1,2,3,4,5,6,7,0
489,2012.04.14,2,4,8,15,20,27,11,1
489,2012.04.14,1,2,3,4,5,6,7,0
488,2012.04.07,2,8,17,30,31,38,25,1
488,2012.04.07,1,2,3,4,5,6,7,0
487,2012.03.31,4,8,25,27,37,41,21,1
487,2012.03.31,1,2,3,4,5,6,7,0
486,2012.03.24,1,2,23,25,38,40,43,1
486,2012.03.24,1,2,3,4,5,6,7,0
485,2012.03.17,17,22,26,27,36,39,20,1
485,2012.03.17,1,2,3,4,5,6,7,0
484,2012.03.10,1,3,27,28,32,45,11,1
484,2012.03.10,1,2,3,4,5,6,7,0
483,2012.03.03,12,15,19,22,28,34,5,1
483,2012.03.03,1,2,3,4,5,6,7,0
482,2012.02.25,1,10,16,24,25,35,43,1
482,2012.02.25,1,2,3,4,5,6,7,0
481,2012.02.18,3,4,23,29,40,41,20,1
481,2012.02.18,1,2,3,4,5,6,7,0
480,2012.02.11,3,5,10,17,30,31,16,1
480,2012.02.11,1,2,3,4,5,6,7,0
479,2012.02.04,8,23,25,27,35,44,24,1
479,2012.02.04,1,2,3,4,5,6,7,0
478,2012.01.28,18,29,30,37,39,43,8,1
478,2012.01.28,1,2,3,4,5,6,7,0
477,2012.01.21,14,25,29,32,33,45,37,1
477,2012.01.21,1,2,3,4,5,6,7,0
476,2012.01.14,9,12,13,15,37,38,27,1
476,2012.01.14,1,2,3,4,5,6,7,0
475,2012.01.07,1,9,14,16,21,29,3,1
475,2012.01.07,1,2,3,4,5,6,7,0
474,2011.12.31,4,13,18,31,33,45,43,1
474,2011.12.31,1,2,3,4,5,6,7,0
473,2011.12.24,8,13,20,22,23,36,34,1
473,2011.12.24,1,2,3,4,5,6,7,0
472,2011.12.17,16,25,26,31,36,43,44,1
472,2011.12.17,1,2,3,4,5,6,7,0
471,2011.12.10,6,13,29,37,39,41,43,1
471,2011.12.10,1,2,3,4,5,6,7,0
470,2011.12.03,10,16,20,39,41,42,27,1
470,2011.12.03,1,2,3,4,5,6,7,0
469,2011.11.26,4,21,22,34,37,38,33,1
469,2011.11.26,1,2,3,4,5,6,7,0
468,2011.11.19,8,13,15,28,37,43,17,1
468,2011.11.19,1,2,3,4,5,6,7,0
467,2011.11.12,2,12,14,17,24,40,39,1
467,2011.11.12,1,2,3,4,5,6,7,0
466,2011.11.05,4,10,13,23,32,44,20,1
466,2011.11.05,1,2,3,4,5,6,7,0
465,2011.10.29,1,8,11,13,22,38,31,1
465,2011.10.29,1,2,3,4,5,6,7,0
464,2011.10.22,6,12,15,34,42,44,4,1
464,2011.10.22,1,2,3,4,5,6,7,0
463,2011.10.15,23,29,31,33,34,44,40,1
463,2011.10.15,1,2,3,4,5,6,7,0
462,2011.10.08,3,20,24,32,37,45,4,1
462,2011.10.08,1,2,3,4,5,6,7,0
461,2011.10.01,11,18,26,31,37,40,43,1
461,2011.10.01,1,2,3,4,5,6,7,0
460,2011.09.24,8,11,28,30,43,45,41,1
460,2011.09.24,1,2,3,4,5,6,7,0
459,2011.09.17,4,6,10,14,25,40,12,1
459,2011.09.17,1,2,3,4,5,6,7,0
458,2011.09.10,4,9,10,32,36,40,18,1
458,2011.09.10,1,2,3,4,5,6,7,0
457,2011.09.03,8,10,18,23,27,40,33,1
457,2011.09.03,1,2,3,4,5,6,7,0
456,2011.08.27,1,7,12,18,23,27,44,1
456,2011.08.27,1,2,3,4,5,6,7,0
455,2011.08.20,4,19,20,26,30,35,24,1
455,2011.08.20,1,2,3,4,5,6,7,0
454,2011.08.13,13,25,27,34,38,41,10,1
454,2011.08.13,1,2,3,4,5,6,7,0
453,2011.08.06,12,24,33,38,40,42,30,1
453,2011.08.06,1,2,3,4,5,6,7,0
452,2011.07.30,8,10,18,30,32,34,27,1
452,2011.07.30,1,2,3,4,5,6,7,0
451,2011.07.23,12,15,20,24,30,38,29,1
451,2011.07.23,1,2,3,4,5,6,7,0
450,2011.07.16,6,14,19,21,23,31,13,1
450,2011.07.16,1,2,3,4,5,6,7,0
449,2011.07.09,3,10,20,26,35,43,36,1
449,2011.07.09,1,2,3,4,5,6,7,0
448,2011.07.02,3,7,13,27,40,41,36,1
448,2011.07.02,1,2,3,4,5,6,7,0
447,2011.06.25,2,7,8,9,17,33,34,1
447,2011.06.25,1,2,3,4,5,6,7,0
446,2011.06.18,1,11,12,14,26,35,6,1
446,2011.06.18,1,2,3,4,5,6,7,0
445,2011.06.11,13,20,21,30,39,45,32,1
445,2011.06.11,1,2,3,4,5,6,7,0
444,2011.06.04,11,13,23,35,43,45,17,1
444,2011.06.04,1,2,3,4,5,6,7,0
443,2011.05.28,4,6,10,19,20,44,14,1
443,2011.05.28,1,2,3,4,5,6,7,0
442,2011.05.21,25,27,29,36,38,40,41,1
442,2011.05.21,1,2,3,4,5,6,7,0
441,2011.05.14,1,23,28,30,34,35,9,1
441,2011.05.14,1,2,3,4,5,6,7,0
440,2011.05.07,10,22,28,34,36,44,2,1
440,2011.05.07,1,2,3,4,5,6,7,0
439,2011.04.30,17,20,30,31,37,40,25,1
439,2011.04.30,1,2,3,4,5,6,7,0
438,2011.04.23,6,12,20,26,29,38,45,1
438,2011.04.23,1,2,3,4,5,6,7,0
437,2011.04.16,11,16,29,38,41,44,21,1
437,2011.04.16,1,2,3,4,5,6,7,0
436,2011.04.09,9,14,20,22,33,34,28,1
436,2011.04.09,1,2,3,4,5,6,7,0
435,2011.04.02,8,16,26,30,38,45,42,1
435,2011.04.02,1,2,3,4,5,6,7,0
434,2011.03.26,3,13,20,24,33,37,35,1
434,2011.03.26,1,2,3,4,5,6,7,0
433,2011.03.19,19,23,29,33,35,43,27,1
433,2011.03.19,1,2,3,4,5,6,7,0
432,2011.03.12,2,3,5,11,27,39,33,1
432,2011.03.12,1,2,3,4,5,6,7,0
431,2011.03.05,18,22,25,31,38,45,6,1
431,2011.03.05,1,2,3,4,5,6,7,0
430,2011.02.26,1,3,16,18,30,34,44,1
430,2011.02.26,1,2,3,4,5,6,7,0
429,2011.02.19,3,23,28,34,39,42,16,1
429,2011.02.19,1,2,3,4,5,6,7,0
428,2011.02.12,12,16,19,22,37,40,8,1
428,2011.02.12,1,2,3,4,5,6,7,0
427,2011.02.05,6,7,15,24,28,30,21,1
427,2011.02.05,1,2,3,4,5,6,7,0
426,2011.01.29,4,17,18,27,39,43,19,1
426,2011.01.29,1,2,3,4,5,6,7,0
425,2011.01.22,8,10,14,27,33,38,3,1
425,2011.01.22,1,2,3,4,5,6,7,0
424,2011.01.15,10,11,26,31,34,44,30,1
424,2011.01.15,1,2,3,4,5,6,7,0
423,2011.01.08,1,17,27,28,29,40,5,1
423,2011.01.08,1,2,3,4,5,6,7,0
422,2011.01.01,8,15,19,21,34,44,12,1
422,2011.01.01,1,2,3,4,5,6,7,0
421,2010.12.25,6,11,26,27,28,44,30,1
421,2010.12.25,1,2,3,4,5,6,7,0
420,2010.12.18,4,9,10,29,31,34,27,1
420,2010.12.18,1,2,3,4,5,6,7,0
419,2010.12.11,2,11,13,14,28,30,7,1
419,2010.12.11,1,2,3,4,5,6,7,0
418,2010.12.04,11,13,15,26,28,34,31,1
418,2010.12.04,1,2,3,4,5,6,7,0
417,2010.11.27,4,5,14,20,22,43,44,1
417,2010.11.27,1,2,3,4,5,6,7,0
416,2010.11.20,5,6,8,11,22,26,44,1
416,2010.11.20,1,2,3,4,5,6,7,0
415,2010.11.13,7,17,20,26,30,40,24,1
415,2010.11.13,1,2,3,4,5,6,7,0
414,2010.11.06,2,14,15,22,23,44,43,1
414,2010.11.06,1,2,3,4,5,6,7,0
413,2010.10.30,2,9,15,23,34,40,3,1
413,2010.10.30,1,2,3,4,5,6,7,0
412,2010.10.23,4,7,39,41,42,45,40,1
412,2010.10.23,1,2,3,4,5,6,7,0
411,2010.10.16,11,14,22,35,37,39,5,1
411,2010.10.16,1,2,3,4,5,6,7,0
410,2010.10.09,1,3,18,32,40,41,16,1
410,2010.10.09,1,2,3,4,5,6,7,0
409,2010.10.02,6,9,21,31,32,40,38,1
409,2010.10.02,1,2,3,4,5,6,7,0
408,2010.09.25,9,20,21,22,30,37,16,1
408,2010.09.25,1,2,3,4,5,6,7,0
407,2010.09.18,6,7,13,16,24,25,1,1
407,2010.09.18,1,2,3,4,5,6,7,0
406,2010.09.11,7,12,21,24,27,36,45,1
406,2010.09.11,1,2,3,4,5,6,7,0
405,2010.09.04,1,2,10,25,26,44,4,1
405,2010.09.04,1,2,3,4,5,6,7,0
404,2010.08.28,5,20,21,24,33,40,36,1
404,2010.08.28,1,2,3,4,5,6,7,0
403,2010.08.21,10,14,22,24,28,37,26,1
403,2010.08.21,1,2,3,4,5,6,7,0
402,2010.08.14,5,9,15,19,22,36,32,1
402,2010.08.14,1,2,3,4,5,6,7,0
401,2010.08.07,6,12,18,31,38,43,9,1
401,2010.08.07,1,2,3,4,5,6,7,0
400,2010.07.31,9,21,27,34,41,43,2,1
400,2010.07.31,1,2,3,4,5,6,7,0
399,2010.07.24,1,2,9,17,19,42,20,1
399,2010.07.24,1,2,3,4,5,6,7,0
398,2010.07.17,10,15,20,23,42,44,7,1
398,2010.07.17,1,2,3,4,5,6,7,0
397,2010.07.10,12,13,17,22,25,33,8,1
397,2010.07.10,1,2,3,4,5,6,7,0
396,2010.07.03,18,20,31,34,40,45,30,1
396,2010.07.03,1,2,3,4,5,6,7,0
395,2010.06.26,11,15,20,26,31,35,7,1
395,2010.06.26,1,2,3,4,5,6,7,0
394,2010.06.19,1,13,20,22,25,28,15,1
394,2010.06.19,1,2,3,4,5,6,7,0
393,2010.06.12,9,16,28,40,41,43,21,1
393,2010.06.12,1,2,3,4,5,6,7,0
392,2010.06.05,1,3,7,8,24,42,43,1
392,2010.06.05,1,2,3,4,5,6,7,0
391,2010.05.29,10,11,18,22,28,39,30,1
391,2010.05.29,1,2,3,4,5,6,7,0
390,2010.05.22,16,17,28,37,39,40,15,1
390,2010.05.22,1,2,3,4,5,6,7,0
389,2010.05.15,7,16,18,20,23,26,3,1
389,2010.05.15,1,2,3,4,5,6,7,0
388,2010.05.08,1,8,9,17,29,32,45,1
388,2010.05.08,1,2,3,4,5,6,7,0
387,2010.05.01,1,26,31,34,40,43,20,1
387,2010.05.01,1,2,3,4,5,6,7,0
386,2010.04.24,4,7,10,19,31,40,26,1
386,2010.04.24,1,2,3,4,5,6,7,0
385,2010.04.17,7,12,19,21,29,32,9,1
385,2010.04.17,1,2,3,4,5,6,7,0
384,2010.04.10,11,22,24,32,36,38,7,1
384,2010.04.10,1,2,3,4,5,6,7,0
383,2010.04.03,4,15,28,33,37,40,25,1
383,2010.04.03,1,2,3,4,5,6,7,0
382,2010.03.27,10,15,22,24,27,42,19,1
382,2010.03.27,1,2,3,4,5,6,7,0
381,2010.03.20,1,5,10,12,16,20,11,1
381,2010.03.20,1,2,3,4,5,6,7,0
380,2010.03.13,1,2,8,17,26,37,27,1
380,2010.03.13,1,2,3,4,5,6,7,0
379,2010.03.06,6,10,22,31,35,40,19,1
379,2010.03.06,1,2,3,4,5,6,7,0
378,2010.02.27,5,22,29,31,34,39,43,1
378,2010.02.27,1,2,3,4,5,6,7,0
377,2010.02.20,6,22,29,37,43,45,23,1
377,2010.02.20,1,2,3,4,5,6,7,0
376,2010.02.13,1,11,13,24,28,40,7,1
376,2010.02.13,1,2,3,4,5,6,7,0
375,2010.02.06,4,8,19,25,27,45,7,1
375,2010.02.06,1,2,3,4,5,6,7,0
374,2010.01.30,11,13,15,17,25,34,26,1
374,2010.01.30,1,2,3,4,5,6,7,0
373,2010.01.23,15,26,37,42,43,45,9,1
373,2010.01.23,1,2,3,4,5,6,7,0
372,2010.01.16,8,11,14,16,18,21,13,1
372,2010.01.16,1,2,3,4,5,6,7,0
371,2010.01.09,7,9,15,26,27,42,18,1
371,2010.01.09,1,2,3,4,5,6,7,0
370,2010.01.02,16,18,24,42,44,45,17,1
370,2010.01.02,1,2,3,4,5,6,7,0
369,2009.12.26,17,20,35,36,41,43,21,1
369,2009.12.26,1,2,3,4,5,6,7,0
368,2009.12.19,11,21,24,30,39,45,26,1
368,2009.12.19,1,2,3,4,5,6,7,0
367,2009.12.12,3,22,25,29,32,44,19,1
367,2009.12.12,1,2,3,4,5,6,7,0
366,2009.12.05,5,12,19,26,27,44,38,1
366,2009.12.05,1,2,3,4,5,6,7,0
365,2009.11.28,5,15,21,25,26,30,31,1
365,2009.11.28,1,2,3,4,5,6,7,0
364,2009.11.21,2,5,7,14,16,40,4,1
364,2009.11.21,1,2,3,4,5,6,7,0
363,2009.11.14,11,12,14,21,32,38,6,1
363,2009.11.14,1,2,3,4,5,6,7,0
362,2009.11.07,2,3,22,27,30,40,29,1
362,2009.11.07,1,2,3,4,5,6,7,0
361,2009.10.31,5,10,16,24,27,35,33,1
361,2009.10.31,1,2,3,4,5,6,7,0
360,2009.10.24,4,16,23,25,35,40,27,1
360,2009.10.24,1,2,3,4,5,6,7,0
359,2009.10.17,1,10,19,20,24,40,23,1
359,2009.10.17,1,2,3,4,5,6,7,0
358,2009.10.10,1,9,10,12,21,40,37,1
358,2009.10.10,1,2,3,4,5,6,7,0
357,2009.10.03,10,14,18,21,36,37,5,1
357,2009.10.03,1,2,3,4,5,6,7,0
356,2009.09.26,2,8,14,25,29,45,24,1
356,2009.09.26,1,2,3,4,5,6,7,0
355,2009.09.19,5,8,29,30,35,44,38,1
355,2009.09.19,1,2,3,4,5,6,7,0
354,2009.09.12,14,19,36,43,44,45,1,1
354,2009.09.12,1,2,3,4,5,6,7,0
353,2009.09.05,11,16,19,22,29,36,26,1
353,2009.09.05,1,2,3,4,5,6,7,0
352,2009.08.29,5,16,17,20,26,41,24,1
352,2009.08.29,1,2,3,4,5,6,7,0
351,2009.08.22,5,25,27,29,34,36,33,1
351,2009.08.22,1,2,3,4,5,6,7,0
350,2009.08.15,1,8,18,24,29,33,35,1
350,2009.08.15,1,2,3,4,5,6,7,0
349,2009.08.08,5,13,14,20,24,25,36,1
349,2009.08.08,1,2,3,4,5,6,7,0
348,2009.08.01,3,14,17,20,24,31,34,1
348,2009.08.01,1,2,3,4,5,6,7,0
347,2009.07.25,3,8,13,27,32,42,10,1
347,2009.07.25,1,2,3,4,5,6,7,0
346,2009.07.18,5,13,14,22,44,45,33,1
346,2009.07.18,1,2,3,4,5,6,7,0
345,2009.07.11,15,20,23,29,39,42,2,1
345,2009.07.11,1,2,3,4,5,6,7,0
344,2009.07.04,1,2,15,28,34,45,38,1
344,2009.07.04,1,2,3,4,5,6,7,0
343,2009.06.27,1,10,17,29,31,43,15,1
343,2009.06.27,1,2,3,4,5,6,7,0
342,2009.06.20,1,13,14,33,34,43,25,1
342,2009.06.20,1,2,3,4,5,6,7,0
341,2009.06.13,1,8,19,34,39,43,41,1
341,2009.06.13,1,2,3,4,5,6,7,0
340,2009.06.06,18,24,26,29,34,38,32,1
340,2009.06.06,1,2,3,4,5,6,7,0
339,2009.05.30,6,8,14,21,30,37,45,1
339,2009.05.30,1,2,3,4,5,6,7,0
338,2009.05.23,2,13,34,38,42,45,16,1
338,2009.05.23,1,2,3,4,5,6,7,0
337,2009.05.16,1,5,14,18,32,37,4,1
337,2009.05.16,1,2,3,4,5,6,7,0
336,2009.05.09,3,5,20,34,35,44,16,1
336,2009.05.09,1,2,3,4,5,6,7,0
335,2009.05.02,5,9,16,23,26,45,21,1
335,2009.05.02,1,2,3,4,5,6,7,0
334,2009.04.25,13,15,21,29,39,43,33,1
334,2009.04.25,1,2,3,4,5,6,7,0
333,2009.04.18,5,14,27,30,39,43,35,1
333,2009.04.18,1,2,3,4,5,6,7,0
332,2009.04.11,16,17,34,36,42,45,3,1
332,2009.04.11,1,2,3,4,5,6,7,0
331,2009.04.04,4,9,14,26,31,44,39,1
331,2009.04.04,1,2,3,4,5,6,7,0
330,2009.03.28,3,4,16,17,19,20,23,1
330,2009.03.28,1,2,3,4,5,6,7,0
329,2009.03.21,9,17,19,30,35,42,4,1
329,2009.03.21,1,2,3,4,5,6,7,0
328,2009.03.14,1,6,9,16,17,28,24,1
328,2009.03.14,1,2,3,4,5,6,7,0
327,2009.03.07,6,12,13,17,32,44,24,1
327,2009.03.07,1,2,3,4,5,6,7,0
326,2009.02.28,16,23,25,33,36,39,40,1
326,2009.02.28,1,2,3,4,5,6,7,0
325,2009.02.21,7,17,20,32,44,45,33,1
325,2009.02.21,1,2,3,4,5,6,7,0
324,2009.02.14,2,4,21,25,33,36,17,1
324,2009.02.14,1,2,3,4,5,6,7,0
323,2009.02.07,10,14,15,32,36,42,3,1
323,2009.02.07,1,2,3,4,5,6,7,0
322,2009.01.31,9,18,29,32,38,43,20,1
322,2009.01.31,1,2,3,4,5,6,7,0
321,2009.01.24,12,18,20,21,25,34,42,1
321,2009.01.24,1,2,3,4,5,6,7,0
320,2009.01.17,16,19,23,25,41,45,3,1
320,2009.01.17,1,2,3,4,5,6,7,0
319,2009.01.10,5,8,22,28,33,42,37,1
319,2009.01.10,1,2,3,4,5,6,7,0
318,2009.01.03,2,17,19,20,34,45,21,1
318,2009.01.03,1,2,3,4,5,6,7,0
317,2008.12.27,3,10,11,22,36,39,8,1
317,2008.12.27,1,2,3,4,5,6,7,0
316,2008.12.20,10,11,21,27,31,39,43,1
316,2008.12.20,1,2,3,4,5,6,7,0
315,2008.12.13,1,13,33,35,43,45,23,1
315,2008.12.13,1,2,3,4,5,6,7,0
314,2008.12.06,15,17,19,34,38,41,2,1
314,2008.12.06,1,2,3,4,5,6,7,0
313,2008.11.29,9,17,34,35,43,45,2,1
313,2008.11.29,1,2,3,4,5,6,7,0
312,2008.11.22,2,3,5,6,12,20,25,1
312,2008.11.22,1,2,3,4,5,6,7,0
311,2008.11.15,4,12,24,27,28,32,10,1
311,2008.11.15,1,2,3,4,5,6,7,0
310,2008.11.08,1,5,19,28,34,41,16,1
310,2008.11.08,1,2,3,4,5,6,7,0
309,2008.11.01,1,2,5,11,18,36,22,1
309,2008.11.01,1,2,3,4,5,6,7,0
308,2008.10.25,14,15,17,19,37,45,40,1
308,2008.10.25,1,2,3,4,5,6,7,0
307,2008.10.18,5,15,21,23,25,45,12,1
307,2008.10.18,1,2,3,4,5,6,7,0
306,2008.10.11,4,18,23,30,34,41,19,1
306,2008.10.11,1,2,3,4,5,6,7,0
305,2008.10.04,7,8,18,21,23,39,9,1
305,2008.10.04,1,2,3,4,5,6,7,0
304,2008.09.27,4,10,16,26,33,41,38,1
304,2008.09.27,1,2,3,4,5,6,7,0
303,2008.09.20,2,14,17,30,38,45,43,1
303,2008.09.20,1,2,3,4,5,6,7,0
302,2008.09.13,13,19,20,32,38,42,4,1
302,2008.09.13,1,2,3,4,5,6,7,0
301,2008.09.06,7,11,13,33,37,43,26,1
301,2008.09.06,1,2,3,4,5,6,7,0
300,2008.08.30,7,9,10,12,26,38,39,1
300,2008.08.30,1,2,3,4,5,6,7,0
299,2008.08.23,1,3,20,25,36,45,24,1
299,2008.08.23,1,2,3,4,5,6,7,0
298,2008.08.16,5,9,27,29,37,40,19,1
298,2008.08.16,1,2,3,4,5,6,7,0
297,2008.08.09,6,11,19,20,28,32,34,1
297,2008.08.09,1,2,3,4,5,6,7,0
296,2008.08.02,3,8,15,27,30,45,44,1
296,2008.08.02,1,2,3,4,5,6,7,0
295,2008.07.26,1,4,12,16,18,38,8,1
295,2008.07.26,1,2,3,4,5,6,7,0
294,2008.07.19,6,10,17,30,37,38,40,1
294,2008.07.19,1,2,3,4,5,6,7,0
293,2008.07.12,1,9,17,21,29,33,24,1
293,2008.07.12,1,2,3,4,5,6,7,0
292,2008.07.05,17,18,31,32,33,34,10,1
292,2008.07.05,1,2,3,4,5,6,7,0
291,2008.06.28,3,7,8,18,20,42,45,1
291,2008.06.28,1,2,3,4,5,6,7,0
290,2008.06.21,8,13,18,32,39,45,7,1
290,2008.06.21,1,2,3,4,5,6,7,0
289,2008.06.14,3,14,33,37,38,42,10,1
289,2008.06.14,1,2,3,4,5,6,7,0
288,2008.06.07,1,12,17,28,35,41,10,1
288,2008.06.07,1,2,3,4,5,6,7,0
287,2008.05.31,6,12,24,27,35,37,41,1
287,2008.05.31,1,2,3,4,5,6,7,0
286,2008.05.24,1,15,19,40,42,44,17,1
286,2008.05.24,1,2,3,4,5,6,7,0
285,2008.05.17,13,33,37,40,41,45,2,1
285,2008.05.17,1,2,3,4,5,6,7,0
284,2008.05.10,2,7,15,24,30,45,28,1
284,2008.05.10,1,2,3,4,5,6,7,0
283,2008.05.03,6,8,18,31,38,45,42,1
283,2008.05.03,1,2,3,4,5,6,7,0
282,2008.04.26,2,5,10,18,31,32,30,1
282,2008.04.26,1,2,3,4,5,6,7,0
281,2008.04.19,1,3,4,6,14,41,12,1
281,2008.04.19,1,2,3,4,5,6,7,0
280,2008.04.12,10,11,23,24,36,37,35,1
280,2008.04.12,1,2,3,4,5,6,7,0
279,2008.04.05,7,16,31,36,37,38,11,1
279,2008.04.05,1,2,3,4,5,6,7,0
278,2008.03.29,3,11,37,39,41,43,13,1
278,2008.03.29,1,2,3,4,5,6,7,0
277,2008.03.22,10,12,13,15,25,29,20,1
277,2008.03.22,1,2,3,4,5,6,7,0
276,2008.03.15,4,15,21,33,39,41,25,1
276,2008.03.15,1,2,3,4,5,6,7,0
275,2008.03.08,14,19,20,35,38,40,26,1
275,2008.03.08,1,2,3,4,5,6,7,0
274,2008.03.01,13,14,15,26,35,39,25,1
274,2008.03.01,1,2,3,4,5,6,7,0
273,2008.02.23,1,8,24,31,34,44,6,1
273,2008.02.23,1,2,3,4,5,6,7,0
272,2008.02.16,7,9,12,27,39,43,28,1
272,2008.02.16,1,2,3,4,5,6,7,0
271,2008.02.09,3,8,9,27,29,40,36,1
271,2008.02.09,1,2,3,4,5,6,7,0
270,2008.02.02,5,9,12,20,21,26,27,1
270,2008.02.02,1,2,3,4,5,6,7,0
269,2008.01.26,5,18,20,36,42,43,32,1
269,2008.01.26,1,2,3,4,5,6,7,0
268,2008.01.19,3,10,19,24,32,45,12,1
268,2008.01.19,1,2,3,4,5,6,7,0
267,2008.01.12,7,8,24,34,36,41,1,1
267,2008.01.12,1,2,3,4,5,6,7,0
266,2008.01.05,3,4,9,11,22,42,37,1
266,2008.01.05,1,2,3,4,5,6,7,0
265,2007.12.29,5,9,34,37,38,39,12,1
265,2007.12.29,1,2,3,4,5,6,7,0
264,2007.12.22,9,16,27,36,41,44,5,1
264,2007.12.22,1,2,3,4,5,6,7,0
263,2007.12.15,1,27,28,32,37,40,18,1
263,2007.12.15,1,2,3,4,5,6,7,0
262,2007.12.08,9,12,24,25,29,31,36,1
262,2007.12.08,1,2,3,4,5,6,7,0
261,2007.12.01,6,11,16,18,31,43,2,1
261,2007.12.01,1,2,3,4,5,6,7,0
260,2007.11.24,7,12,15,24,37,40,43,1
260,2007.11.24,1,2,3,4,5,6,7,0
259,2007.11.17,4,5,14,35,42,45,34,1
259,2007.11.17,1,2,3,4,5,6,7,0
258,2007.11.10,14,27,30,31,38,40,17,1
258,2007.11.10,1,2,3,4,5,6,7,0
257,2007.11.03,6,13,27,31,32,37,4,1
257,2007.11.03,1,2,3,4,5,6,7,0
256,2007.10.27,4,11,14,21,23,43,32,1
256,2007.10.27,1,2,3,4,5,6,7,0
255,2007.10.20,1,5,6,24,27,42,32,1
255,2007.10.20,1,2,3,4,5,6,7,0
254,2007.10.13,1,5,19,20,24,30,27,1
254,2007.10.13,1,2,3,4,5,6,7,0
253,2007.10.06,8,19,25,31,34,36,33,1
253,2007.10.06,1,2,3,4,5,6,7,0
252,2007.09.29,14,23,26,31,39,45,28,1
252,2007.09.29,1,2,3,4,5,6,7,0
251,2007.09.22,6,7,19,25,28,38,45,1
251,2007.09.22,1,2,3,4,5,6,7,0
250,2007.09.15,19,23,30,37,43,45,38,1
250,2007.09.15,1,2,3,4,5,6,7,0
249,2007.09.08,3,8,27,31,41,44,11,1
249,2007.09.08,1,2,3,4,5,6,7,0
248,2007.09.01,3,8,17,23,38,45,13,1
248,2007.09.01,1,2,3,4,5,6,7,0
247,2007.08.25,12,15,28,36,39,40,13,1
247,2007.08.25,1,2,3,4,5,6,7,0
246,2007.08.18,13,18,21,23,26,39,15,1
246,2007.08.18,1,2,3,4,5,6,7,0
245,2007.08.11,9,11,27,31,32,38,22,1
245,2007.08.11,1,2,3,4,5,6,7,0
244,2007.08.04,13,16,25,36,37,38,19,1
244,2007.08.04,1,2,3,4,5,6,7,0
243,2007.07.28,2,12,17,19,28,42,34,1
243,2007.07.28,1,2,3,4,5,6,7,0
242,2007.07.21,4,19,20,21,32,34,43,1
242,2007.07.21,1,2,3,4,5,6,7,0
241,2007.07.14,2,16,24,27,28,35,21,1
241,2007.07.14,1,2,3,4,5,6,7,0
240,2007.07.07,6,10,16,40,41,43,21,1
240,2007.07.07,1,2,3,4,5,6,7,0
239,2007.06.30,11,15,24,39,41,44,7,1
239,2007.06.30,1,2,3,4,5,6,7,0
238,2007.06.23,2,4,15,28,31,34,35,1
238,2007.06.23,1,2,3,4,5,6,7,0
237,2007.06.16,1,11,17,21,24,44,33,1
237,2007.06.16,1,2,3,4,5,6,7,0
236,2007.06.09,1,4,8,13,37,39,7,1
236,2007.06.09,1,2,3,4,5,6,7,0
235,2007.06.02,21,22,26,27,31,37,8,1
235,2007.06.02,1,2,3,4,5,6,7,0
234,2007.05.26,13,21,22,24,26,37,4,1
234,2007.05.26,1,2,3,4,5,6,7,0
233,2007.05.19,4,6,13,17,28,40,39,1
233,2007.05.19,1,2,3,4,5,6,7,0
232,2007.05.12,8,9,10,12,24,44,35,1
232,2007.05.12,1,2,3,4,5,6,7,0
231,2007.05.05,5,10,19,31,44,45,27,1
231,2007.05.05,1,2,3,4,5,6,7,0
230,2007.04.28,5,11,14,29,32,33,12,1
230,2007.04.28,1,2,3,4,5,6,7,0
229,2007.04.21,4,5,9,11,23,38,35,1
229,2007.04.21,1,2,3,4,5,6,7,0
228,2007.04.14,17,25,35,36,39,44,23,1
228,2007.04.14,1,2,3,4,5,6,7,0
227,2007.04.07,4,5,15,16,22,42,2,1
227,2007.04.07,1,2,3,4,5,6,7,0
226,2007.03.31,2,6,8,14,21,22,34,1
226,2007.03.31,1,2,3,4,5,6,7,0
225,2007.03.24,5,11,13,19,31,36,7,1
225,2007.03.24,1,2,3,4,5,6,7,0
224,2007.03.17,4,19,26,27,30,42,7,1
224,2007.03.17,1,2,3,4,5,6,7,0
223,2007.03.10,1,3,18,20,26,27,38,1
223,2007.03.10,1,2,3,4,5,6,7,0
222,2007.03.03,5,7,28,29,39,43,44,1
222,2007.03.03,1,2,3,4,5,6,7,0
221,2007.02.24,2,20,33,35,37,40,10,1
221,2007.02.24,1,2,3,4,5,6,7,0
220,2007.02.17,5,11,19,21,34,43,31,1
220,2007.02.17,1,2,3,4,5,6,7,0
219,2007.02.10,4,11,20,26,35,37,16,1
219,2007.02.10,1,2,3,4,5,6,7,0
218,2007.02.03,1,8,14,18,29,44,20,1
218,2007.02.03,1,2,3,4,5,6,7,0
217,2007.01.27,16,20,27,33,35,39,38,1
217,2007.01.27,1,2,3,4,5,6,7,0
216,2007.01.20,7,16,17,33,36,40,1,1
216,2007.01.20,1,2,3,4,5,6,7,0
215,2007.01.13,2,3,7,15,43,44,4,1
215,2007.01.13,1,2,3,4,5,6,7,0
214,2007.01.06,5,7,20,25,28,37,32,1
214,2007.01.06,1,2,3,4,5,6,7,0
213,2006.12.30,2,3,4,5,20,24,42,1
213,2006.12.30,1,2,3,4,5,6,7,0
212,2006.12.23,11,12,18,21,31,38,8,1
212,2006.12.23,1,2,3,4,5,6,7,0
211,2006.12.16,12,13,17,20,33,41,8,1
211,2006.12.16,1,2,3,4,5,6,7,0
210,2006.12.09,10,19,22,23,25,37,39,1
210,2006.12.09,1,2,3,4,5,6,7,0
209,2006.12.02,2,7,18,20,24,33,37,1
209,2006.12.02,1,2,3,4,5,6,7,0
208,2006.11.25,14,25,31,34,40,44,24,1
208,2006.11.25,1,2,3,4,5,6,7,0
207,2006.11.18,3,11,14,31,32,37,38,1
207,2006.11.18,1,2,3,4,5,6,7,0
206,2006.11.11,1,2,3,15,20,25,43,1
206,2006.11.11,1,2,3,4,5,6,7,0
205,2006.11.04,1,3,21,29,35,37,30,1
205,2006.11.04,1,2,3,4,5,6,7,0
204,2006.10.28,3,12,14,35,40,45,5,1
204,2006.10.28,1,2,3,4,5,6,7,0
203,2006.10.21,1,3,11,24,30,32,7,1
203,2006.10.21,1,2,3,4,5,6,7,0
202,2006.10.14,12,14,27,33,39,44,17,1
202,2006.10.14,1,2,3,4,5,6,7,0
201,2006.10.07,3,11,24,38,39,44,26,1
201,2006.10.07,1,2,3,4,5,6,7,0
200,2006.09.30,5,6,13,14,17,20,7,1
200,2006.09.30,1,2,3,4,5,6,7,0
199,2006.09.23,14,21,22,25,30,36,43,1
199,2006.09.23,1,2,3,4,5,6,7,0
198,2006.09.16,12,19,20,25,41,45,2,1
198,2006.09.16,1,2,3,4,5,6,7,0
197,2006.09.09,7,12,16,34,42,45,4,1
197,2006.09.09,1,2,3,4,5,6,7,0
196,2006.09.02,35,36,37,41,44,45,30,1
196,2006.09.02,1,2,3,4,5,6,7,0
195,2006.08.26,7,10,19,22,35,40,31,1
195,2006.08.26,1,2,3,4,5,6,7,0
194,2006.08.19,15,20,23,26,39,44,28,1
194,2006.08.19,1,2,3,4,5,6,7,0
193,2006.08.12,6,14,18,26,36,39,13,1
193,2006.08.12,1,2,3,4,5,6,7,0
192,2006.08.05,4,8,11,18,37,45,33,1
192,2006.08.05,1,2,3,4,5,6,7,0
191,2006.07.29,5,6,24,25,32,37,8,1
191,2006.07.29,1,2,3,4,5,6,7,0
190,2006.07.22,8,14,18,30,31,44,15,1
190,2006.07.22,1,2,3,4,5,6,7,0
189,2006.07.15,8,14,32,35,37,45,28,1
189,2006.07.15,1,2,3,4,5,6,7,0
188,2006.07.08,19,24,27,30,31,34,36,1
188,2006.07.08,1,2,3,4,5,6,7,0
187,2006.07.01,1,2,8,18,29,38,42,1
187,2006.07.01,1,2,3,4,5,6,7,0
186,2006.06.24,4,10,14,19,21,45,9,1
186,2006.06.24,1,2,3,4,5,6,7,0
185,2006.06.17,1,2,4,8,19,38,14,1
185,2006.06.17,1,2,3,4,5,6,7,0
184,2006.06.10,1,2,6,16,20,33,41,1
184,2006.06.10,1,2,3,4,5,6,7,0
183,2006.06.03,2,18,24,34,40,42,5,1
183,2006.06.03,1,2,3,4,5,6,7,0
182,2006.05.27,13,15,27,29,34,40,35,1
182,2006.05.27,1,2,3,4,5,6,7,0
181,2006.05.20,14,21,23,32,40,45,44,1
181,2006.05.20,1,2,3,4,5,6,7,0
180,2006.05.13,2,15,20,21,29,34,22,1
180,2006.05.13,1,2,3,4,5,6,7,0
179,2006.05.06,5,9,17,25,39,43,32,1
179,2006.05.06,1,2,3,4,5,6,7,0
178,2006.04.29,1,5,11,12,18,23,9,1
178,2006.04.29,1,2,3,4,5,6,7,0
177,2006.04.22,1,10,13,16,37,43,6,1
177,2006.04.22,1,2,3,4,5,6,7,0
176,2006.04.15,4,17,30,32,33,34,15,1
176,2006.04.15,1,2,3,4,5,6,7,0
175,2006.04.08,19,26,28,31,33,36,17,1
175,2006.04.08,1,2,3,4,5,6,7,0
174,2006.04.01,13,14,18,22,35,39,16,1
174,2006.04.01,1,2,3,4,5,6,7,0
173,2006.03.25,3,9,24,30,33,34,18,1
173,2006.03.25,1,2,3,4,5,6,7,0
172,2006.03.18,4,19,21,24,26,41,35,1
172,2006.03.18,1,2,3,4,5,6,7,0
171,2006.03.11,4,16,25,29,34,35,1,1
171,2006.03.11,1,2,3,4,5,6,7,0
170,2006.03.04,2,11,13,15,31,42,10,1
170,2006.03.04,1,2,3,4,5,6,7,0
169,2006.02.25,16,27,35,37,43,45,19,1
169,2006.02.25,1,2,3,4,5,6,7,0
168,2006.02.18,3,10,31,40,42,43,30,1
168,2006.02.18,1,2,3,4,5,6,7,0
167,2006.02.11,24,27,28,30,36,39,4,1
167,2006.02.11,1,2,3,4,5,6,7,0
166,2006.02.04,9,12,27,36,39,45,14,1
166,2006.02.04,1,2,3,4,5,6,7,0
165,2006.01.28,5,13,18,19,22,42,31,1
165,2006.01.28,1,2,3,4,5,6,7,0
164,2006.01.21,6,9,10,11,39,41,27,1
164,2006.01.21,1,2,3,4,5,6,7,0
163,2006.01.14,7,11,26,28,29,44,16,1
163,2006.01.14,1,2,3,4,5,6,7,0
162,2006.01.07,1,5,21,25,38,41,24,1
162,2006.01.07,1,2,3,4,5,6,7,0
161,2005.12.31,22,34,36,40,42,45,44,1
161,2005.12.31,1,2,3,4,5,6,7,0
160,2005.12.24,3,7,8,34,39,41,1,1
160,2005.12.24,1,2,3,4,5,6,7,0
159,2005.12.17,1,18,30,41,42,43,32,1
159,2005.12.17,1,2,3,4,5,6,7,0
158,2005.12.10,4,9,13,18,21,34,7,1
158,2005.12.10,1,2,3,4,5,6,7,0
157,2005.12.03,19,26,30,33,35,39,37,1
157,2005.12.03,1,2,3,4,5,6,7,0
156,2005.11.26,5,18,28,30,42,45,2,1
156,2005.11.26,1,2,3,4,5,6,7,0
155,2005.11.19,16,19,20,32,33,41,4,1
155,2005.11.19,1,2,3,4,5,6,7,0
154,2005.11.12,6,19,21,35,40,45,20,1
154,2005.11.12,1,2,3,4,5,6,7,0
153,2005.11.05,3,8,11,12,13,36,33,1
153,2005.11.05,1,2,3,4,5,6,7,0
152,2005.10.29,1,5,13,26,29,34,43,1
152,2005.10.29,1,2,3,4,5,6,7,0
151,2005.10.22,1,2,10,13,18,19,15,1
151,2005.10.22,1,2,3,4,5,6,7,0
150,2005.10.15,2,18,25,28,37,39,16,1
150,2005.10.15,1,2,3,4,5,6,7,0
149,2005.10.08,2,11,21,34,41,42,27,1
149,2005.10.08,1,2,3,4,5,6,7,0
148,2005.10.01,21,25,33,34,35,36,17,1
148,2005.10.01,1,2,3,4,5,6,7,0
147,2005.09.24,4,6,13,21,40,42,36,1
147,2005.09.24,1,2,3,4,5,6,7,0
146,2005.09.17,2,19,27,35,41,42,25,1
146,2005.09.17,1,2,3,4,5,6,7,0
145,2005.09.10,2,3,13,20,27,44,9,1
145,2005.09.10,1,2,3,4,5,6,7,0
144,2005.09.03,4,15,17,26,36,37,43,1
144,2005.09.03,1,2,3,4,5,6,7,0
143,2005.08.27,26,27,28,42,43,45,8,1
143,2005.08.27,1,2,3,4,5,6,7,0
142,2005.08.20,12,16,30,34,40,44,19,1
142,2005.08.20,1,2,3,4,5,6,7,0
141,2005.08.13,8,12,29,31,42,43,2,1
141,2005.08.13,1,2,3,4,5,6,7,0
140,2005.08.06,3,13,17,18,19,28,8,1
140,2005.08.06,1,2,3,4,5,6,7,0
139,2005.07.30,9,11,15,20,28,43,13,1
139,2005.07.30,1,2,3,4,5,6,7,0
138,2005.07.23,10,11,27,28,37,39,19,1
138,2005.07.23,1,2,3,4,5,6,7,0
137,2005.07.16,7,9,20,25,36,39,15,1
137,2005.07.16,1,2,3,4,5,6,7,0
136,2005.07.09,2,16,30,36,41,42,11,1
136,2005.07.09,1,2,3,4,5,6,7,0
135,2005.07.02,6,14,22,28,35,39,16,1
135,2005.07.02,1,2,3,4,5,6,7,0
134,2005.06.25,3,12,20,23,31,35,43,1
134,2005.06.25,1,2,3,4,5,6,7,0
133,2005.06.18,4,7,15,18,23,26,13,1
133,2005.06.18,1,2,3,4,5,6,7,0
132,2005.06.11,3,17,23,34,41,45,43,1
132,2005.06.11,1,2,3,4,5,6,7,0
131,2005.06.04,8,10,11,14,15,21,37,1
131,2005.06.04,1,2,3,4,5,6,7,0
130,2005.05.28,7,19,24,27,42,45,31,1
130,2005.05.28,1,2,3,4,5,6,7,0
129,2005.05.21,19,23,25,28,38,42,17,1
129,2005.05.21,1,2,3,4,5,6,7,0
128,2005.05.14,12,30,34,36,37,45,39,1
128,2005.05.14,1,2,3,4,5,6,7,0
127,2005.05.07,3,5,10,29,32,43,35,1
127,2005.05.07,1,2,3,4,5,6,7,0
126,2005.04.30,7,20,22,27,40,43,1,1
126,2005.04.30,1,2,3,4,5,6,7,0
125,2005.04.23,2,8,32,33,35,36,18,1
125,2005.04.23,1,2,3,4,5,6,7,0
124,2005.04.16,4,16,23,25,29,42,1,1
124,2005.04.16,1,2,3,4,5,6,7,0
123,2005.04.09,7,17,18,28,30,45,27,1
123,2005.04.09,1,2,3,4,5,6,7,0
122,2005.04.02,1,11,16,17,36,40,8,1
122,2005.04.02,1,2,3,4,5,6,7,0
121,2005.03.26,12,28,30,34,38,43,9,1
121,2005.03.26,1,2,3,4,5,6,7,0
120,2005.03.19,4,6,10,11,32,37,30,1
120,2005.03.19,1,2,3,4,5,6,7,0
119,2005.03.12,3,11,13,14,17,21,38,1
119,2005.03.12,1,2,3,4,5,6,7,0
118,2005.03.05,3,4,10,17,19,22,38,1
118,2005.03.05,1,2,3,4,5,6,7,0
117,2005.02.26,5,10,22,34,36,44,35,1
117,2005.02.26,1,2,3,4,5,6,7,0
116,2005.02.19,2,4,25,31,34,37,17,1
116,2005.02.19,1,2,3,4,5,6,7,0
115,2005.02.12,1,2,6,9,25,28,31,1
115,2005.02.12,1,2,3,4,5,6,7,0
114,2005.02.05,11,14,19,26,28,41,2,1
114,2005.02.05,1,2,3,4,5,6,7,0
113,2005.01.29,4,9,28,33,36,45,26,1
113,2005.01.29,1,2,3,4,5,6,7,0
112,2005.01.22,26,29,30,33,41,42,43,1
112,2005.01.22,1,2,3,4,5,6,7,0
111,2005.01.15,7,18,31,33,36,40,27,1
111,2005.01.15,1,2,3,4,5,6,7,0
110,2005.01.08,7,20,22,23,29,43,1,1
110,2005.01.08,1,2,3,4,5,6,7,0
109,2005.01.01,1,5,34,36,42,44,33,1
109,2005.01.01,1,2,3,4,5,6,7,0
108,2004.12.25,7,18,22,23,29,44,12,1
108,2004.12.25,1,2,3,4,5,6,7,0
107,2004.12.18,1,4,5,6,9,31,17,1
107,2004.12.18,1,2,3,4,5,6,7,0
106,2004.12.11,4,10,12,22,24,33,29,1
106,2004.12.11,1,2,3,4,5,6,7,0
105,2004.12.04,8,10,20,34,41,45,28,1
105,2004.12.04,1,2,3,4,5,6,7,0
104,2004.11.27,17,32,33,34,42,44,35,1
104,2004.11.27,1,2,3,4,5,6,7,0
103,2004.11.20,5,14,15,27,30,45,10,1
103,2004.11.20,1,2,3,4,5,6,7,0
102,2004.11.13,17,22,24,26,35,40,42,1
102,2004.11.13,1,2,3,4,5,6,7,0
101,2004.11.06,1,3,17,32,35,45,8,1
101,2004.11.06,1,2,3,4,5,6,7,0
100,2004.10.30,1,7,11,23,37,42,6,1
100,2004.10.30,1,2,3,4,5,6,7,0
99,2004.10.23,1,3,10,27,29,37,11,1
99,2004.10.23,1,2,3,4,5,6,7,0
98,2004.10.16,6,9,16,23,24,32,43,1
98,2004.10.16,1,2,3,4,5,6,7,0
97,2004.10.09,6,7,14,15,20,36,3,1
97,2004.10.09,1,2,3,4,5,6,7,0
96,2004.10.02,1,3,8,21,22,31,20,1
96,2004.10.02,1,2,3,4,5,6,7,0
95,2004.09.25,8,17,27,31,34,43,14,1
95,2004.09.25,1,2,3,4,5,6,7,0
94,2004.09.18,5,32,34,40,41,45,6,1
94,2004.09.18,1,2,3,4,5,6,7,0
93,2004.09.11,6,22,24,36,38,44,19,1
93,2004.09.11,1,2,3,4,5,6,7,0
92,2004.09.04,3,14,24,33,35,36,17,1
92,2004.09.04,1,2,3,4,5,6,7,0
91,2004.08.28,1,21,24,26,29,42,27,1
91,2004.08.28,1,2,3,4,5,6,7,0
90,2004.08.21,17,20,29,35,38,44,10,1
90,2004.08.21,1,2,3,4,5,6,7,0
89,2004.08.14,4,26,28,29,33,40,37,1
89,2004.08.14,1,2,3,4,5,6,7,0
88,2004.08.07,1,17,20,24,30,41,27,1
88,2004.08.07,1,2,3,4,5,6,7,0
87,2004.07.31,4,12,16,23,34,43,26,1
87,2004.07.31,1,2,3,4,5,6,7,0
86,2004.07.24,2,12,37,39,41,45,33,1
86,2004.07.24,1,2,3,4,5,6,7,0
85,2004.07.17,6,8,13,23,31,36,21,1
85,2004.07.17,1,2,3,4,5,6,7,0
84,2004.07.10,16,23,27,34,42,45,11,1
84,2004.07.10,1,2,3,4,5,6,7,0
83,2004.07.03,6,10,15,17,19,34,14,1
83,2004.07.03,1,2,3,4,5,6,7,0
82,2004.06.26,1,2,3,14,27,42,39,1
82,2004.06.26,1,2,3,4,5,6,7,0
81,2004.06.19,5,7,11,13,20,33,6,1
81,2004.06.19,1,2,3,4,5,6,7,0
80,2004.06.12,17,18,24,25,26,30,1,1
80,2004.06.12,1,2,3,4,5,6,7,0
79,2004.06.05,3,12,24,27,30,32,14,1
79,2004.06.05,1,2,3,4,5,6,7,0
78,2004.05.29,10,13,25,29,33,35,38,1
78,2004.05.29,1,2,3,4,5,6,7,0
77,2004.05.22,2,18,29,32,43,44,37,1
77,2004.05.22,1,2,3,4,5,6,7,0
76,2004.05.15,1,3,15,22,25,37,43,1
76,2004.05.15,1,2,3,4,5,6,7,0
75,2004.05.08,2,5,24,32,34,44,28,1
75,2004.05.08,1,2,3,4,5,6,7,0
74,2004.05.01,6,15,17,18,35,40,23,1
74,2004.05.01,1,2,3,4,5,6,7,0
73,2004.04.24,3,12,18,32,40,43,38,1
73,2004.04.24,1,2,3,4,5,6,7,0
72,2004.04.17,2,4,11,17,26,27,1,1
72,2004.04.17,1,2,3,4,5,6,7,0
71,2004.04.10,5,9,12,16,29,41,21,1
71,2004.04.10,1,2,3,4,5,6,7,0
70,2004.04.03,5,19,22,25,28,43,26,1
70,2004.04.03,1,2,3,4,5,6,7,0
69,2004.03.27,5,8,14,15,19,39,35,1
69,2004.03.27,1,2,3,4,5,6,7,0
68,2004.03.20,10,12,15,16,26,39,38,1
68,2004.03.20,1,2,3,4,5,6,7,0
67,2004.03.13,3,7,10,15,36,38,33,1
67,2004.03.13,1,2,3,4,5,6,7,0
66,2004.03.06,2,3,7,17,22,24,45,1
66,2004.03.06,1,2,3,4,5,6,7,0
65,2004.02.28,4,25,33,36,40,43,39,1
65,2004.02.28,1,2,3,4,5,6,7,0
64,2004.02.21,14,15,18,21,26,36,39,1
64,2004.02.21,1,2,3,4,5,6,7,0
63,2004.02.14,3,20,23,36,38,40,5,1
63,2004.02.14,1,2,3,4,5,6,7,0
62,2004.02.07,3,8,15,27,29,35,21,1
62,2004.02.07,1,2,3,4,5,6,7,0
61,2004.01.31,14,15,19,30,38,43,8,1
61,2004.01.31,1,2,3,4,5,6,7,0
60,2004.01.24,2,8,25,36,39,42,11,1
60,2004.01.24,1,2,3,4,5,6,7,0
59,2004.01.17,6,29,36,39,41,45,13,1
59,2004.01.17,1,2,3,4,5,6,7,0
58,2004.01.10,10,24,25,33,40,44,1,1
58,2004.01.10,1,2,3,4,5,6,7,0
57,2004.01.03,7,10,16,25,29,44,6,1
57,2004.01.03,1,2,3,4,5,6,7,0
56,2003.12.27,10,14,30,31,33,37,19,1
56,2003.12.27,1,2,3,4,5,6,7,0
55,2003.12.20,17,21,31,37,40,44,7,1
55,2003.12.20,1,2,3,4,5,6,7,0
54,2003.12.13,1,8,21,27,36,39,37,1
54,2003.12.13,1,2,3,4,5,6,7,0
53,2003.12.06,7,8,14,32,33,39,42,1
53,2003.12.06,1,2,3,4,5,6,7,0
52,2003.11.29,2,4,15,16,20,29,1,1
52,2003.11.29,1,2,3,4,5,6,7,0
51,2003.11.22,2,3,11,16,26,44,35,1
51,2003.11.22,1,2,3,4,5,6,7,0
50,2003.11.15,2,10,12,15,22,44,1,1
50,2003.11.15,1,2,3,4,5,6,7,0
49,2003.11.08,4,7,16,19,33,40,30,1
49,2003.11.08,1,2,3,4,5,6,7,0
48,2003.11.01,6,10,18,26,37,38,3,1
48,2003.11.01,1,2,3,4,5,6,7,0
47,2003.10.25,14,17,26,31,36,45,27,1
47,2003.10.25,1,2,3,4,5,6,7,0
46,2003.10.18,8,13,15,23,31,38,39,1
46,2003.10.18,1,2,3,4,5,6,7,0
45,2003.10.11,1,10,20,27,33,35,17,1
45,2003.10.11,1,2,3,4,5,6,7,0
44,2003.10.04,3,11,21,30,38,45,39,1
44,2003.10.04,1,2,3,4,5,6,7,0
43,2003.09.27,6,31,35,38,39,44,1,1
43,2003.09.27,1,2,3,4,5,6,7,0
42,2003.09.20,17,18,19,21,23,32,1,1
42,2003.09.20,1,2,3,4,5,6,7,0
41,2003.09.13,13,20,23,35,38,43,34,1
41,2003.09.13,1,2,3,4,5,6,7,0
40,2003.09.06,7,13,18,19,25,26,6,1
40,2003.09.06,1,2,3,4,5,6,7,0
39,2003.08.30,6,7,13,15,21,43,8,1
39,2003.08.30,1,2,3,4,5,6,7,0
38,2003.08.23,16,17,22,30,37,43,36,1
38,2003.08.23,1,2,3,4,5,6,7,0
37,2003.08.16,7,27,30,33,35,37,42,1
37,2003.08.16,1,2,3,4,5,6,7,0
36,2003.08.09,1,10,23,26,28,40,31,1
36,2003.08.09,1,2,3,4,5,6,7,0
35,2003.08.02,2,3,11,26,37,43,39,1
35,2003.08.02,1,2,3,4,5,6,7,0
34,2003.07.26,9,26,35,37,40,42,2,1
34,2003.07.26,1,2,3,4,5,6,7,0
33,2003.07.19,4,7,32,33,40,41,9,1
33,2003.07.19,1,2,3,4,5,6,7,0
32,2003.07.12,6,14,19,25,34,44,11,1
32,2003.07.12,1,2,3,4,5,6,7,0
31,2003.07.05,7,9,18,23,28,35,32,1
31,2003.07.05,1,2,3,4,5,6,7,0
30,2003.06.28,8,17,20,35,36,44,4,1
30,2003.06.28,1,2,3,4,5,6,7,0
29,2003.06.21,1,5,13,34,39,40,11,1
29,2003.06.21,1,2,3,4,5,6,7,0
28,2003.06.14,9,18,23,25,35,37,1,1
28,2003.06.14,1,2,3,4,5,6,7,0
27,2003.06.07,1,20,26,28,37,43,27,1
27,2003.06.07,1,2,3,4,5,6,7,0
26,2003.05.31,4,5,7,18,20,25,31,1
26,2003.05.31,1,2,3,4,5,6,7,0
25,2003.05.24,2,4,21,26,43,44,16,1
25,2003.05.24,1,2,3,4,5,6,7,0
24,2003.05.17,7,8,27,29,36,43,6,1
24,2003.05.17,1,2,3,4,5,6,7,0
23,2003.05.10,5,13,17,18,33,42,44,1
23,2003.05.10,1,2,3,4,5,6,7,0
22,2003.05.03,4,5,6,8,17,39,25,1
22,2003.05.03,1,2,3,4,5,6,7,0
21,2003.04.26,6,12,17,18,31,32,21,1
21,2003.04.26,1,2,3,4,5,6,7,0
20,2003.04.19,10,14,18,20,23,30,41,1
20,2003.04.19,1,2,3,4,5,6,7,0
19,2003.04.12,6,30,38,39,40,43,26,1
19,2003.04.12,1,2,3,4,5,6,7,0
18,2003.04.05,3,12,13,19,32,35,29,1
18,2003.04.05,1,2,3,4,5,6,7,0
17,2003.03.29,3,4,9,17,32,37,1,1
17,2003.03.29,1,2,3,4,5,6,7,0
16,2003.03.22,6,7,24,37,38,40,33,1
16,2003.03.22,1,2,3,4,5,6,7,0
15,2003.03.15,3,4,16,30,31,37,13,1
15,2003.03.15,1,2,3,4,5,6,7,0
14,2003.03.08,2,6,12,31,33,40,15,1
14,2003.03.08,1,2,3,4,5,6,7,0
13,2003.03.01,22,23,25,37,38,42,26,1
13,2003.03.01,1,2,3,4,5,6,7,0
12,2003.02.22,2,11,21,25,39,45,44,1
12,2003.02.22,1,2,3,4,5,6,7,0
11,2003.02.15,1,7,36,37,41,42,14,1
11,2003.02.15,1,2,3,4,5,6,7,0
10,2003.02.08,9,25,30,33,41,44,6,1
10,2003.02.08,1,2,3,4,5,6,7,0
9,2003.02.01,2,4,16,17,36,39,14,1
9,2003.02.01,1,2,3,4,5,6,7,0
8,2003.01.25,8,19,25,34,37,39,9,1
8,2003.01.25,1,2,3,4,5,6,7,0
7,2003.01.18,2,9,16,25,26,40,42,1
7,2003.01.18,1,2,3,4,5,6,7,0
6,2003.01.11,14,15,26,27,40,42,34,1
6,2003.01.11,1,2,3,4,5,6,7,0
5,2003.01.04,16,24,29,40,41,42,3,1
5,2003.01.04,1,2,3,4,5,6,7,0
4,2002.12.28,14,27,30,31,40,42,2,1
4,2002.12.28,1,2,3,4,5,6,7,0
3,2002.12.21,11,16,19,21,27,31,30,1
3,2002.12.21,1,2,3,4,5,6,7,0
2,2002.12.14,9,13,21,25,32,42,2,1
2,2002.12.14,1,2,3,4,5,6,7,0
1,2002.12.07,10,23,29,33,37,40,16,1
1,2002.12.07,1,2,3,4,5,6,7,0
