timestamp,quantity,price,fee,amount,side
2018-06-01 00:00:50,359.93268695,13570,0,4884287,1
2018-06-01 00:01:34,22.075,13590,0,299999,1
2018-06-01 00:01:34,779.4174,13590,0,10592282,1
2018-06-01 00:01:34,22.075,13590,0,299999,1
2018-06-01 00:01:45,1200.0,13570,0,-16284000,0
2018-06-01 00:04:09,1200.0,13570,0,16284000,1
2018-06-01 00:33:09,28.9587,13510,0,-391232,0
2018-06-01 00:44:13,28.2853,13470,0,381003,1
2018-06-01 00:44:13,0.6734,13470,0,9071,1
2018-06-01 00:53:36,225.84570044,13510,0,-3051175,0
2018-06-01 00:53:36,1.0,13510,0,-13510,0
2018-06-01 00:53:36,18.0,13510,0,-243180,0
2018-06-01 00:53:36,3.2277,13510,0,-43606,0
2018-06-01 00:53:37,39.99999955,13510,0,-540400,0
2018-06-01 00:55:06,396.0955,13510,0,-5351250,0
2018-06-01 01:22:28,0.5,13470,0,6735,1
2018-06-01 01:38:18,59.4933,13510,0,803754,1
2018-06-01 01:39:44,87.618,13520,0,1184595,1
2018-06-01 01:39:56,87.628,13520,0,1184731,1
2018-06-01 01:40:02,87.628,13520,0,1184731,1
2018-06-01 01:44:20,1.002,13540,0,13567,1
2018-06-01 01:44:31,5.0,13540,0,67700,1
2018-06-01 01:45:00,5.0,13540,0,67700,1
2018-06-01 01:45:01,131.2795,13540,0,1777524,1
2018-06-01 01:49:50,10.0,13550,0,135500,1
2018-06-01 01:54:42,0.0046,13540,0,62,1
2018-06-01 02:20:10,209.0155,13550,0,2832160,1
2018-06-01 02:29:49,133.5363,13610,0,-1817429,0
2018-06-01 02:29:49,994.0039,13610,0,-13528393,0
2018-06-01 02:29:49,72.4598,13610,0,-986178,0
2018-06-01 02:31:44,3.1149,13630,0,42456,1
2018-06-01 02:31:44,537.3176,13630,0,7323639,1
2018-06-01 02:31:44,431.904,13630,0,5886852,1
2018-06-01 02:31:46,35.8723,13620,0,488581,1
2018-06-01 02:31:46,87.434,13620,0,1190851,1
2018-06-01 02:32:03,130.9432,13650,0,-1787375,0
2018-06-01 02:32:06,382.149,13630,0,-5208691,0
2018-06-01 02:32:22,7.4637,13600,0,101506,1
2018-06-01 02:32:23,50.0,13600,0,680000,1
2018-06-01 02:32:23,70.0,13600,0,952000,1
2018-06-01 02:32:32,52.2556,13610,0,-711199,0
2018-06-01 02:32:58,90.1379,13630,0,-1228580,0
2018-06-01 02:33:21,632.3792,13630,0,8619328,1
2018-06-01 02:36:25,244.0195,13670,0,-3335747,0
2018-06-01 02:36:26,95.5247,13670,0,-1305823,0
2018-06-01 02:36:26,69.6753,13670,0,-952461,0
2018-06-01 02:36:26,158.624,13670,0,-2168390,0
2018-06-01 02:36:26,460.3916,13670,0,-6293553,0
2018-06-01 02:36:26,166.2084,13670,0,-2272069,0
2018-06-01 02:38:29,85.746,13690,0,1173863,1
2018-06-01 02:38:30,1.2776,13690,0,17490,1
2018-06-01 02:39:52,100.0,13710,0,1371000,1
2018-06-01 02:39:53,121.5026,13710,0,1665801,1
2018-06-01 02:39:53,0.81,13710,0,11105,1
2018-06-01 02:41:32,55.7224,13750,0,766183,1
2018-06-01 02:41:32,369.2762,13750,0,5077548,1
2018-06-01 02:41:36,17.9593,13750,0,246940,1
2018-06-01 02:42:08,0.0001,13750,0,-1,0
2018-06-01 02:42:30,182.1925,13770,0,-2508791,0
2018-06-01 02:42:30,14.7882,13770,0,-203634,0
2018-06-01 02:42:30,560.8698,13770,0,-7723177,0
2018-06-01 02:44:15,59.7382,13830,0,826179,1
2018-06-01 02:44:15,463.6164,13830,0,6411815,1
2018-06-01 02:44:15,63.8972,13830,0,883698,1
2018-06-01 02:44:15,0.2658,13830,0,3676,1
2018-06-01 02:45:45,211.3098,13800,0,2916075,1
2018-06-01 02:45:45,19.0,13800,0,262200,1
2018-06-01 02:46:19,32.7147,13830,0,-452444,0
2018-06-01 02:46:32,411.887,13830,0,5696397,1
2018-06-01 02:46:32,3.0003,13830,0,41494,1
2018-06-01 02:46:52,242.1165,13880,0,-3360577,0
2018-06-01 02:46:53,738.78,13880,0,-10254266,0
2018-06-01 02:46:53,50.0,13880,0,-694000,0
2018-06-01 02:46:53,3.644,13880,0,-50579,0
2018-06-01 02:46:53,160.4595,13880,0,-2227178,0
2018-06-01 02:46:53,5.0,13880,0,-69400,0
2018-06-01 02:49:22,339.4574,13800,0,4684512,1
2018-06-01 02:49:30,68.39,13800,0,943782,1
2018-06-01 02:52:51,187.1796,13780,0,2579335,1
2018-06-01 03:02:13,10.3779,13840,0,143630,1
2018-06-01 03:02:14,594.5951,13840,0,8229196,1
2018-06-01 03:07:23,147.4036,13780,0,-2031222,0
2018-06-01 03:07:37,21.4656,13750,0,-295152,0
2018-06-01 03:08:24,85.879,13770,0,-1182554,0
2018-06-01 03:08:25,7.2412,13770,0,-99711,0
2018-06-01 03:08:28,148.9697,13750,0,-2048333,0
2018-06-01 03:08:51,789.0409,13750,0,-10849312,0
2018-06-01 03:22:44,306.4647,13750,0,4213890,1
2018-06-01 03:22:44,24.6487,13750,0,338920,1
2018-06-01 03:27:04,250.0,13750,0,3437500,1
2018-06-01 03:32:34,179.4392,13760,0,2469083,1
2018-06-01 03:32:35,250.0,13760,0,3440000,1
2018-06-01 03:49:15,189.4474,13750,0,2604902,1
2018-06-01 04:00:46,20.8515,13750,0,-286708,0
2018-06-01 04:09:08,671.0834,13700,0,-9193843,0
2018-06-01 04:09:08,24.9606,13700,0,-341960,0
2018-06-01 04:09:08,378.4229,13700,0,-5184394,0
2018-06-01 04:09:08,104.6816,13700,0,-1434138,0
2018-06-01 04:38:43,10.0,13660,0,136600,1
2018-06-01 04:38:43,2.561,13660,0,34983,1
2018-06-01 04:39:21,888.9002,13670,0,12151266,1
2018-06-01 04:39:21,8.03,13670,0,109770,1
2018-06-01 04:44:38,2.2686,13680,0,-31034,0
2018-06-01 04:44:44,51.0817,13690,0,-699308,0
2018-06-01 04:44:44,73.3023,13690,0,-1003508,0
2018-06-01 04:45:55,671.2678,13700,0,-9196369,0
2018-06-01 04:48:52,44.89386413,13690,0,614597,1
2018-06-01 05:02:40,1.5378,13650,0,20991,1
2018-06-01 05:02:41,1.8,13650,0,24570,1
2018-06-01 05:02:41,2.0,13650,0,27300,1
2018-06-01 05:02:41,2.6,13650,0,35490,1
2018-06-01 05:02:41,2.0,13650,0,27300,1
2018-06-01 05:02:41,5.6,13650,0,76440,1
2018-06-01 05:02:50,378.753,13640,0,5166191,1
2018-06-01 05:02:50,14.1238,13640,0,192649,1
2018-06-01 05:02:50,165.9331,13640,0,2263327,1
2018-06-01 05:03:15,366.1881,13650,0,-4998468,0
2018-06-01 05:06:48,202.5609,13670,0,2769008,1
2018-06-01 05:18:01,632.8148,13680,0,8656906,1
2018-06-01 06:17:51,20.9441,13700,0,-286934,0
2018-06-01 06:19:04,20.9441,13700,0,286934,1
2018-06-01 06:19:33,70.8927,13690,0,-970521,0
2018-06-01 06:20:17,70.8927,13710,0,971939,1
2018-06-01 06:48:11,57.45418978,13700,0,-787122,0
2018-06-01 06:51:59,57.4542,13710,0,787697,1
2018-06-01 06:56:32,1200.0,13680,0,-16416000,0
2018-06-01 07:07:41,54.886,13580,0,745352,1
2018-06-01 07:14:10,99.2174,13550,0,1344396,1
2018-06-01 07:14:10,699.4931,13550,0,9478132,1
2018-06-01 07:14:10,33.2563,13550,0,450623,1
2018-06-01 07:14:10,2.7187,13550,0,36838,1
2018-06-01 07:14:10,25.0,13550,0,338750,1
2018-06-01 07:14:11,1.96,13550,0,26558,1
2018-06-01 07:14:13,0.6,13550,0,8130,1
2018-06-01 07:14:31,86.2998,13560,0,-1170225,0
2018-06-01 07:14:31,193.1793,13560,0,-2619511,0
2018-06-01 07:14:31,119.0773,13560,0,-1614688,0
2018-06-01 07:14:32,43.1017,13560,0,-584459,0
2018-06-01 07:23:19,724.5266,13560,0,9824581,1
2018-06-01 07:24:58,844.7622,13570,0,-11463423,0
2018-06-01 07:35:57,775.4203,13540,0,10499191,1
2018-06-01 07:35:57,22.3207,13540,0,302222,1
2018-06-01 07:35:57,47.0212,13540,0,636667,1
2018-06-01 07:37:24,166.0669,13510,0,-2243564,0
2018-06-01 07:37:34,10.0,13530,0,-135300,0
2018-06-01 07:37:40,89.9864,13530,0,-1217516,0
2018-06-01 07:37:41,281.743,13530,0,-3811983,0
2018-06-01 07:37:46,222.1111,13530,0,-3005163,0
2018-06-01 07:39:26,231.5581,13540,0,3135297,1
2018-06-01 07:39:42,48.2826,13520,0,-652781,0
2018-06-01 07:41:46,272.1154,13520,0,-3679000,0
2018-06-01 07:52:59,151.7739,13560,0,2058054,1
2018-06-01 07:53:00,87.112,13560,0,1181239,1
2018-06-01 07:53:03,153.1,13560,0,2076036,1
2018-06-01 07:53:37,70.8654,13560,0,960935,1
2018-06-01 07:55:10,395.896,13550,0,5364391,1
2018-06-01 08:08:13,0.1,13600,0,-1360,0
2018-06-01 08:17:25,57.5839,13570,0,-781414,0
2018-06-01 08:17:29,97.164,13570,0,-1318515,0
2018-06-01 08:20:55,9.5,13570,0,128915,1
2018-06-01 08:26:07,145.3479,13540,0,1968011,1
2018-06-01 08:40:39,53.34,13520,0,-721157,0
2018-06-01 08:40:39,46.0,13520,0,-621920,0
2018-06-01 08:42:52,99.34,13520,0,1343077,1
2018-06-01 09:41:55,97.33,13540,0,-1317848,0
2018-06-01 09:47:53,97.33,13510,0,1314928,1
2018-06-01 10:00:37,110.0,13520,0,-1487200,0
2018-06-01 10:01:05,59.3785,13520,0,802797,1
2018-06-01 10:07:35,0.0001,13460,0,-1,0
2018-06-01 10:08:02,50.6216,13440,0,680354,1
2018-06-01 10:13:29,96.7384,13460,0,-1302099,0
2018-06-01 10:13:29,200.0,13460,0,-2692000,0
2018-06-01 10:13:29,10.0,13460,0,-134600,0
2018-06-01 10:13:33,35.9139,13460,0,-483401,0
2018-06-01 10:19:03,179.4596,13460,0,-2415526,0
2018-06-01 10:22:10,677.8881,13500,0,-9151489,0
2018-06-01 10:23:24,172.9823,13510,0,2336991,1
2018-06-01 10:29:59,379.28214201,13520,0,5127895,1
2018-06-01 10:30:27,269.1236,13510,0,3635860,1
2018-06-01 10:30:43,25.0429,13500,0,338079,1
2018-06-01 10:30:43,11.5889,13500,0,156450,1
2018-06-01 10:30:43,0.1,13500,0,1350,1
2018-06-01 10:30:44,10.0,13500,0,135000,1
2018-06-01 10:30:44,10.0,13500,0,135000,1
2018-06-01 10:30:44,99.4857,13500,0,1343057,1
2018-06-01 10:35:14,222.3945,13480,0,2997878,1
2018-06-01 10:36:37,1.8598,13490,0,-25089,0
2018-06-01 10:36:55,1.8598,13480,0,25070,1
2018-06-01 10:38:17,1200.0,13450,0,-16140000,0
2018-06-01 10:44:20,1200.0,13440,0,16128000,1
2018-06-01 10:49:32,8.3164,13460,0,-111939,0
2018-06-01 10:49:32,49.645,13460,0,-668222,0
2018-06-01 10:49:32,252.0,13460,0,-3391920,0
2018-06-01 10:49:32,93.159,13460,0,-1253920,0
2018-06-01 10:49:32,157.9178,13460,0,-2125574,0
2018-06-01 10:49:32,344.3824,13460,0,-4635387,0
2018-06-01 10:51:15,794.8291,13430,0,10674555,1
2018-06-01 10:51:52,23.64889277,13400,0,316895,1
2018-06-01 10:51:52,86.94260722,13400,0,1165031,1
2018-06-01 10:52:47,128.9762,13430,0,-1732150,0
2018-06-01 10:52:47,1071.0238,13430,0,-14383850,0
2018-06-01 10:57:33,1.0,13420,0,13420,1
2018-06-01 10:57:33,0.7451,13420,0,9999,1
2018-06-01 11:02:18,37.7063,13440,0,506773,1
2018-06-01 11:02:19,1160.5486,13440,0,15597773,1
2018-06-01 11:29:07,50.0,13480,0,-674000,0
2018-06-01 11:29:36,9.436e-05,13480,0,-1,0
2018-06-01 11:32:16,31.8695,13490,0,-429920,0
2018-06-01 11:32:17,4.8088,13490,0,-64871,0
2018-06-01 11:32:49,1113.3216,13450,0,-14974176,0
2018-06-01 11:49:47,40.7774,13480,0,549679,1
2018-06-01 11:59:42,47.2997,13490,0,638073,1
2018-06-01 12:12:26,1111.9229,13480,0,14988721,1
2018-06-01 13:04:27,243.6753,13360,0,-3255502,0
2018-06-01 13:06:43,956.3247,13400,0,-12814751,0
2018-06-01 13:12:38,1200.0,13400,0,16080000,1
2018-06-01 13:14:52,88.9135,13430,0,-1194108,0
2018-06-01 13:14:56,1111.0864,13430,0,-14921890,0
2018-06-01 13:24:38,0.01,13420,0,134,1
2018-06-01 13:24:38,148.4185,13420,0,1991776,1
2018-06-01 13:24:53,37.3134,13400,0,500000,1
2018-06-01 13:24:53,42.8792,13400,0,574581,1
2018-06-01 13:24:53,88.348,13400,0,1183863,1
2018-06-01 13:24:53,6.2,13400,0,83080,1
2018-06-01 13:24:58,505.7653,13390,0,6772197,1
2018-06-01 13:24:58,371.0655,13390,0,4968567,1
2018-06-01 13:25:30,68.6968,13400,0,-920537,0
2018-06-01 13:30:00,2.0,13380,0,-26760,0
2018-06-01 13:31:24,43.1827,13390,0,-578216,0
2018-06-01 13:31:24,321.13,13390,0,-4299931,0
2018-06-01 13:31:29,0.0001,13400,0,-1,0
2018-06-01 13:31:29,275.2,13400,0,-3687680,0
2018-06-01 13:31:29,74.9999,13400,0,-1004999,0
2018-06-01 13:37:55,785.2095,13380,0,10506103,1
2018-06-01 13:59:04,1.34208424,13330,0,-17890,0
2018-06-01 14:02:58,1.3421,13350,0,17917,1
2018-06-01 14:48:36,219.4398,13190,0,-2894411,0
2018-06-01 14:48:36,47.1123,13190,0,-621411,0
2018-06-01 14:48:44,408.6197,13200,0,-5393780,0
2018-06-01 14:48:44,240.0,13200,0,-3168000,0
2018-06-01 14:48:44,16.3777,13200,0,-216186,0
2018-06-01 14:48:45,268.4505,13200,0,-3543547,0
2018-06-01 14:55:04,7.8965,13260,0,104708,1
2018-06-01 15:21:19,197.6152,13370,0,2642115,1
2018-06-01 15:24:43,731.6388,13410,0,9811276,1
2018-06-01 15:24:44,2.0,13410,0,26820,1
2018-06-01 15:25:06,237.4951,13410,0,3184809,1
2018-06-01 15:25:07,23.3544,13410,0,313183,1
2018-06-01 16:00:52,1200.0,13450,0,-16140000,0
2018-06-01 16:01:28,336.85,13450,0,4530633,1
2018-06-01 16:01:28,106.076,13450,0,1426722,1
2018-06-01 16:01:37,646.2018,13440,0,8684952,1
2018-06-01 16:01:38,29.293,13440,0,393698,1
2018-06-01 16:03:24,81.5792,13460,0,1098056,1
2018-06-01 16:05:22,1200.0,13500,0,-16200000,0
2018-06-01 16:07:39,11.9303,13520,0,161298,1
2018-06-01 16:07:39,8.9906,13520,0,121553,1
2018-06-01 16:08:47,1179.0791,13520,0,15941149,1
2018-06-01 16:11:27,1200.0,13540,0,-16248000,0
2018-06-01 16:12:57,859.474,13550,0,11645873,1
2018-06-01 16:12:57,28.6853,13550,0,388686,1
2018-06-01 16:13:01,6.644,13540,0,89960,1
2018-06-01 16:13:01,37.3892,13540,0,506250,1
2018-06-01 16:13:01,70.0628,13540,0,948650,1
2018-06-01 16:13:01,197.7447,13540,0,2677463,1
2018-06-01 16:14:57,46.235,13490,0,-623710,0
2018-06-01 16:15:05,46.235,13500,0,624173,1
2018-06-01 16:49:51,25.8296,13480,0,-348183,0
2018-06-01 16:49:51,15.8392,13480,0,-213512,0
2018-06-01 16:50:27,41.6688,13470,0,561279,1
2018-06-01 17:03:16,23.0852,13440,0,-310265,0
2018-06-01 17:03:17,8.9366,13440,0,-120108,0
2018-06-01 17:04:40,32.0218,13410,0,429412,1
2018-06-01 17:05:53,7.069e-05,13410,0,-1,0
2018-06-01 17:59:35,1200.0,13510,0,-16212000,0
2018-06-01 18:01:06,348.5667,13470,0,4695193,1
2018-06-01 18:01:06,7.4753,13470,0,100692,1
2018-06-01 18:01:14,280.0,13460,0,3768800,1
2018-06-01 18:01:14,22.5113,13460,0,303002,1
2018-06-01 18:01:14,13.2548,13460,0,178410,1
2018-06-01 18:01:25,117.4552,13470,0,1582122,1
2018-06-01 18:01:25,410.7367,13470,0,5532623,1
2018-06-01 18:28:22,979.0943,13400,0,-13119864,0
2018-06-01 18:42:43,120.0206,13390,0,1607076,1
2018-06-01 18:43:08,61.8146,13380,0,827079,1
2018-06-01 18:43:08,15.8938,13380,0,212659,1
2018-06-01 18:43:08,500.0,13380,0,6690000,1
2018-06-01 19:00:01,11.0,13360,0,146960,1
2018-06-01 19:00:01,78.5527,13360,0,1049464,1
2018-06-01 19:00:01,38.1935,13360,0,510265,1
2018-06-01 19:00:01,2.0,13360,0,26720,1
2018-06-01 19:00:02,30.7607,13360,0,410963,1
2018-06-01 19:00:02,62.7,13360,0,837672,1
2018-06-01 19:00:02,7.2602,13360,0,96996,1
2018-06-01 19:00:02,50.8982,13360,0,680000,1
2018-06-01 19:01:23,36.5798,13330,0,-487609,0
2018-06-01 19:01:29,252.0,13340,0,-3361680,0
2018-06-01 19:01:34,71.404,13350,0,-953243,0
2018-06-01 19:05:32,8.6225,13350,0,115110,1
2018-06-01 19:27:16,201.93008116,13380,0,2701824,1
2018-06-01 19:28:22,86.11827977,13350,0,1149679,1
2018-06-01 19:28:22,1.0,13350,0,13350,1
2018-06-01 19:28:23,28.01792022,13350,0,374039,1
2018-06-01 19:28:23,7.2978,13350,0,97426,1
2018-06-01 19:28:23,2.3882,13350,0,31882,1
2018-06-01 19:28:23,24.609,13350,0,328530,1
2018-06-01 20:04:05,181.6707,13390,0,-2432571,0
2018-06-01 20:04:05,356.1629,13390,0,-4769021,0
2018-06-01 20:04:06,1.2044,13390,0,-16127,0
2018-06-01 20:04:06,388.586,13390,0,-5203167,0
2018-06-01 20:04:51,49.3147,13400,0,660817,1
2018-06-01 20:20:00,336.4138,13430,0,4518037,1
2018-06-01 20:20:00,1.0,13430,0,13430,1
2018-06-01 20:30:49,0.5,13400,0,6700,1
2018-06-01 20:30:53,82.8978,13400,0,1110831,1
2018-06-01 20:42:10,23.009,13400,0,308321,1
2018-06-01 20:42:10,434.4887,13400,0,5822149,1
2018-06-01 20:54:20,0.367,13270,0,-4870,0
2018-06-01 20:54:51,36.1308,13260,0,-479094,0
2018-06-01 20:54:52,84.2988,13260,0,-1117802,0
2018-06-01 20:54:52,46.2306,13260,0,-613018,0
2018-06-01 20:55:37,167.0272,13250,0,2213110,1
2018-06-01 20:56:49,1200.0,13250,0,-15900000,0
2018-06-01 20:58:16,447.0211,13210,0,5905149,1
2018-06-01 20:58:16,50.0,13210,0,660500,1
2018-06-01 20:58:16,1.0,13210,0,13210,1
2018-06-01 20:58:16,100.0,13210,0,1321000,1
2018-06-01 20:58:17,194.6496,13210,0,2571321,1
2018-06-01 20:58:17,12.211,13210,0,161307,1
2018-06-01 20:58:17,2.06,13210,0,27213,1
2018-06-01 20:58:17,55.1929,13210,0,729098,1
2018-06-01 20:58:17,10.0,13210,0,132100,1
2018-06-01 20:58:17,50.0,13210,0,660500,1
2018-06-01 20:58:17,124.2672,13210,0,1641570,1
2018-06-01 20:58:17,153.5982,13210,0,2029032,1
2018-06-01 21:00:28,251.1757,13210,0,-3318031,0
2018-06-01 21:00:28,647.1432,13210,0,-8548762,0
2018-06-01 21:00:28,0.3994,13210,0,-5276,0
2018-06-01 21:08:21,546.5849,13240,0,7236784,1
2018-06-01 21:08:26,352.1334,13240,0,4662246,1
2018-06-01 21:13:53,232.52952024,13240,0,-3078691,0
2018-06-01 21:13:53,20.0,13240,0,-264800,0
2018-06-01 21:13:54,18.86457975,13240,0,-249767,0
2018-06-01 21:13:59,63.7505,13250,0,-844694,0
2018-06-01 21:13:59,177.1385,13250,0,-2347085,0
2018-06-01 21:13:59,30.5888,13250,0,-405302,0
2018-06-01 21:14:00,657.1281,13250,0,-8706947,0
2018-06-01 21:16:28,0.5,13230,0,6615,1
2018-06-01 21:29:26,14.1049,13240,0,186749,1
2018-06-01 21:29:26,122.8185,13240,0,1626117,1
2018-06-01 21:37:14,812.6627,13190,0,10719021,1
2018-06-01 21:37:15,249.9139,13190,0,3296364,1
2018-06-01 21:37:43,1200.0,13210,0,-15852000,0
2018-06-01 21:46:41,205.20505204,13210,0,2710759,1
2018-06-01 21:46:41,10.0,13210,0,132100,1
2018-06-01 21:54:09,984.795,13260,0,13058382,1
2018-06-01 22:05:17,637.9832,13220,0,-8434138,0
2018-06-01 22:09:59,0.2214,13240,0,2931,1
2018-06-01 22:11:07,54.7041,13240,0,724282,1
2018-06-01 22:12:11,4.73846163,13250,0,62785,1
2018-06-01 22:12:57,0.3196,13250,0,4235,1
2018-06-01 22:12:57,34.9181,13250,0,462665,1
2018-06-01 22:28:46,300.0,13270,0,3981000,1
2018-06-01 22:28:51,243.0815,13270,0,3225692,1
2018-06-01 22:43:05,14.0932,13270,0,-187017,0
2018-06-01 22:46:04,230.2051,13260,0,-3052520,0
2018-06-01 22:51:11,955.7017,13270,0,-12682162,0
2018-06-01 22:55:16,206.2953,13270,0,2737539,1
2018-06-01 23:00:31,0.0029,13270,0,38,1
2018-06-01 23:24:26,64.2636,13270,0,852778,1
2018-06-01 23:24:26,224.5754,13270,0,2980116,1
2018-06-01 23:27:07,81.8966,13280,0,1087587,1
2018-06-01 23:32:52,17.7983,13280,0,236361,1
2018-06-01 23:32:52,3.7622,13280,0,49962,1
2018-06-01 23:42:07,23.25542626,13290,0,309064,1
2018-06-01 23:42:08,410.7249,13290,0,5458534,1
2018-06-01 23:42:31,167.4254,13290,0,2225084,1
2018-06-02 00:17:39,297.5568,13250,0,-3942628,0
2018-06-02 00:19:43,40.8358,13250,0,-541074,0
2018-06-02 00:24:04,83.1923,13270,0,-1103962,0
2018-06-02 00:24:28,6.7715,13280,0,-89926,0
2018-06-02 00:24:28,524.2199,13280,0,-6961640,0
2018-06-02 00:24:28,86.3989,13280,0,-1147377,0
2018-06-02 00:24:28,49.2953,13280,0,-654642,0
2018-06-02 00:24:28,39.9553,13280,0,-530606,0
2018-06-02 00:24:28,0.5,13280,0,-6640,0
2018-06-02 00:24:28,71.1741,13280,0,-945192,0
2018-06-02 00:24:28,0.1,13280,0,-1328,0
2018-06-02 00:27:43,45.002,13280,0,597627,1
2018-06-02 00:41:22,185.16104846,13330,0,2468196,1
2018-06-02 00:42:57,244.0053,13310,0,3247711,1
2018-06-02 00:44:34,725.8316,13300,0,9653560,1
2018-06-02 01:07:09,270.3764,13300,0,-3596006,0
2018-06-02 01:07:09,89.213,13280,0,-1184749,0
2018-06-02 01:07:10,280.0,13300,0,-3724000,0
2018-06-02 01:07:11,403.127,13300,0,-5361589,0
2018-06-02 01:16:05,26.6,13360,0,355376,1
2018-06-02 01:16:26,238.8919,13350,0,3189207,1
2018-06-02 01:16:44,0.05,13370,0,669,1
2018-06-02 01:16:50,199.5,13370,0,2667315,1
2018-06-02 01:17:22,58.18,13370,0,777867,1
2018-06-02 01:17:27,62.9833,13370,0,842087,1
2018-06-02 01:17:27,2.7777,13370,0,37138,1
2018-06-02 01:20:31,11.8282353,13370,0,158144,1
2018-06-02 01:21:26,441.9052,13370,0,5908273,1
2018-06-02 01:33:11,13.8012,13300,0,-183556,0
2018-06-02 01:33:11,0.7264,13300,0,-9661,0
2018-06-02 01:35:48,10.1441,13320,0,-135119,0
2018-06-02 01:36:13,24.6717,13340,0,329120,1
2018-06-02 01:43:35,1.0,13390,0,-13390,0
2018-06-02 01:43:35,500.0,13390,0,-6695000,0
2018-06-02 01:43:35,627.35743959,13390,0,-8400316,0
2018-06-02 01:43:35,71.6425604,13390,0,-959294,0
2018-06-02 01:45:31,361.47904328,13400,0,4843819,1
2018-06-02 01:45:31,150.3,13400,0,2014020,1
2018-06-02 01:45:34,21.0881,13390,0,282370,1
2018-06-02 01:45:34,36.8064,13390,0,492838,1
2018-06-02 01:45:35,70.0,13390,0,937300,1
2018-06-02 01:45:48,1.4,13410,0,-18774,0
2018-06-02 01:45:48,1.2,13410,0,-16092,0
2018-06-02 01:45:48,1.2,13410,0,-16092,0
2018-06-02 01:46:15,564.1265,13400,0,7559295,1
2018-06-02 01:55:45,13.316,13450,0,-179100,0
2018-06-02 01:55:45,3.1,13450,0,-41695,0
2018-06-02 01:59:53,1183.584,13430,0,-15895533,0
2018-06-02 02:00:39,200.17,13450,0,2692287,1
2018-06-02 02:00:39,51.9,13450,0,698055,1
2018-06-02 02:00:57,233.5873,13460,0,3144085,1
2018-06-02 02:14:04,714.3427,13400,0,9572192,1
2018-06-02 02:46:33,323.2117,13340,0,-4311644,0
2018-06-02 02:46:37,876.7883,13350,0,-11705124,0
2018-06-02 02:55:39,11.5172,13340,0,153639,1
2018-06-02 03:15:34,1088.9,13300,0,14482370,1
2018-06-02 03:15:35,0.1,13300,0,1330,1
2018-06-02 03:15:35,21.9565,13300,0,292021,1
2018-06-02 03:17:33,3.786,13320,0,-50430,0
2018-06-02 03:18:00,370.9403,13330,0,-4944634,0
2018-06-02 03:32:24,747.7474,13310,0,-9952518,0
2018-06-02 04:34:53,0.2,13280,0,2656,1
2018-06-02 04:34:53,879.6395,13280,0,11681613,1
2018-06-02 04:34:53,71.2908,13280,0,946742,1
2018-06-02 04:34:53,6.4947,13280,0,86250,1
2018-06-02 04:34:54,11.2984,13280,0,150043,1
2018-06-02 04:34:54,99.5991,13280,0,1322676,1
2018-06-02 04:34:54,15.2644,13280,0,202711,1
2018-06-02 04:34:54,116.2131,13280,0,1543310,1
2018-06-02 04:45:23,410.7251,13290,0,-5458537,0
2018-06-02 04:45:27,789.2749,13280,0,-10481571,0
2018-06-02 04:50:32,755.8487,13230,0,9999878,1
2018-06-02 04:50:32,444.1513,13230,0,5876122,1
2018-06-02 04:50:41,77.212,13250,0,-1023059,0
2018-06-02 04:50:45,60.922,13260,0,-807826,0
2018-06-02 04:50:50,1055.4818,13260,0,-13995689,0
2018-06-02 05:36:26,85.2196,13260,0,1130012,1
2018-06-02 05:36:26,10.4,13260,0,137904,1
2018-06-02 05:39:06,103.1012,13330,0,1374339,1
2018-06-02 05:39:06,50.0,13330,0,666500,1
2018-06-02 05:39:10,89.247,13340,0,1190555,1
2018-06-02 05:39:10,30.0,13340,0,400200,1
2018-06-02 05:39:49,825.648,13360,0,11030657,1
2018-06-02 05:57:13,410.7265,13310,0,-5466770,0
2018-06-02 05:57:13,89.247,13310,0,-1187878,0
2018-06-02 05:58:29,64.4873,13330,0,-859616,0
2018-06-02 06:05:31,564.4608,13350,0,7535552,1
2018-06-02 07:25:54,81.97892053,13340,0,-1093599,0
2018-06-02 07:25:54,848.6837,13340,0,-11321441,0
2018-06-02 07:25:54,269.33737946,13340,0,-3592961,0
2018-06-02 07:26:54,45.42864338,13370,0,607381,1
2018-06-02 07:27:34,52.5204,13370,0,702198,1
2018-06-02 07:27:34,8.6261,13370,0,115331,1
2018-06-02 07:27:56,1007.28943602,13380,0,13477533,1
2018-06-02 07:28:12,7.1501,13360,0,95525,1
2018-06-02 07:31:54,13.7221,13350,0,183190,1
2018-06-02 07:31:58,18.9882,13350,0,-253492,0
2018-06-02 07:35:33,68.773,13370,0,919495,1
2018-06-02 07:35:34,15.4784,13370,0,206946,1
2018-06-02 07:43:33,7.1732,13330,0,-95619,0
2018-06-02 07:44:07,50.1966,13320,0,-668619,0
2018-06-02 07:44:07,55.3482,13320,0,-737238,0
2018-06-02 07:45:51,112.718,13350,0,1504785,1
2018-06-02 08:43:55,183.4776,13450,0,-2467774,0
2018-06-02 08:43:55,115.0,13450,0,-1546750,0
2018-06-02 08:43:55,177.44,13450,0,-2386568,0
2018-06-02 08:43:55,113.29,13450,0,-1523751,0
2018-06-02 08:43:55,5.0,13450,0,-67250,0
2018-06-02 08:43:55,50.0,13450,0,-672500,0
2018-06-02 08:43:56,4.8203,13450,0,-64833,0
2018-06-02 08:43:56,6.2485,13450,0,-84042,0
2018-06-02 08:43:56,20.0,13450,0,-269000,0
2018-06-02 08:43:56,1.0,13450,0,-13450,0
2018-06-02 08:43:56,85.1643,13450,0,-1145460,0
2018-06-02 08:44:05,145.068,13440,0,1949714,1
2018-06-02 08:44:05,616.3727,13440,0,8284049,1
2018-06-02 08:48:09,217.9654,13490,0,-2940353,0
2018-06-02 08:48:09,134.91339347,13490,0,-1819982,0
2018-06-02 08:48:13,200.0,13500,0,-2700000,0
2018-06-02 08:48:13,200.0,13500,0,-2700000,0
2018-06-02 08:48:13,200.0,13500,0,-2700000,0
2018-06-02 08:48:13,75.8467,13500,0,-1023930,0
2018-06-02 08:48:13,171.2745,13500,0,-2312206,0
2018-06-02 08:50:04,495.1642,13470,0,6669862,1
2018-06-02 08:50:04,704.8358,13470,0,9494138,1
2018-06-02 09:36:53,95.3454,13400,0,-1277628,0
2018-06-02 09:36:56,95.3454,13430,0,1280489,1
2018-06-02 10:52:30,1200.0,13450,0,-16140000,0
2018-06-02 10:56:25,22.6194,13460,0,304457,1
2018-06-02 11:07:59,10.7889,13440,0,145003,1
2018-06-02 11:29:08,10.0,13470,0,134700,1
2018-06-02 11:29:08,14.9193,13470,0,200963,1
2018-06-02 11:29:08,35.643,13470,0,480111,1
2018-06-02 11:29:42,0.2227,13470,0,3000,1
2018-06-02 11:35:57,1105.8067,13480,0,14906274,1
2018-06-02 12:24:21,1027.49116398,13500,0,-13871131,0
2018-06-02 12:24:21,172.50883601,13500,0,-2328869,0
2018-06-02 12:29:02,11.9999,13520,0,162239,1
2018-06-02 12:29:52,427.3825,13520,0,5778211,1
2018-06-02 12:48:02,0.6,13470,0,8082,1
2018-06-02 12:48:03,446.546,13470,0,6014975,1
2018-06-02 12:48:07,313.4716,13480,0,4225597,1
2018-06-02 14:06:04,17.7299,13570,0,-240595,0
2018-06-02 14:06:04,1181.2701,13570,0,-16029835,0
2018-06-02 14:06:04,1.0,13570,0,-13570,0
2018-06-02 14:06:28,9.198,13560,0,124725,1
2018-06-02 14:06:28,29.9339,13560,0,405904,1
2018-06-02 14:06:32,957.24792472,13550,0,12970709,1
2018-06-02 14:06:32,11.9945,13550,0,162525,1
2018-06-02 14:14:20,1.0,13580,0,-13580,0
2018-06-02 14:14:20,349.0089,13580,0,-4739541,0
2018-06-02 14:14:20,233.024,13580,0,-3164466,0
2018-06-02 14:27:34,774.6586,13650,0,10574090,1
2018-06-02 14:38:08,5.0,13690,0,-68450,0
2018-06-02 14:38:09,1170.5042,13690,0,-16024202,0
2018-06-02 14:41:49,1175.5042,13660,0,16057387,1
2018-06-02 15:00:04,84.3034,13650,0,-1150741,0
2018-06-02 15:00:04,255.6846,13650,0,-3490095,0
2018-06-02 15:00:04,1.3,13650,0,-17745,0
2018-06-02 15:00:09,199.7,13660,0,-2727902,0
2018-06-02 15:01:54,21.0179,13680,0,287525,1
2018-06-02 15:02:53,295.8059,13680,0,4046625,1
2018-06-02 15:02:54,220.0,13680,0,3009600,1
2018-06-02 15:05:31,569.4764,13720,0,-7813216,0
2018-06-02 15:05:39,300.0,13750,0,-4125000,0
2018-06-02 15:05:39,0.1,13750,0,-1375,0
2018-06-02 15:05:39,1.0,13750,0,-13750,0
2018-06-02 15:05:40,13.666,13750,0,-187908,0
2018-06-02 15:05:40,207.5,13750,0,-2853125,0
2018-06-02 15:05:40,25.2727,13750,0,-347500,0
2018-06-02 15:05:40,38.0,13750,0,-522500,0
2018-06-02 15:05:40,18.9522,13750,0,-260593,0
2018-06-02 15:05:43,21.8685,13750,0,-300692,0
2018-06-02 15:09:36,1015.0,13660,0,13864900,1
2018-06-02 15:09:36,185.0,13660,0,2527100,1
2018-06-02 15:10:48,55.5852,13600,0,-755959,0
2018-06-02 15:10:52,1144.4148,13600,0,-15564041,0
2018-06-02 15:11:48,10.4654,13610,0,142434,1
2018-06-02 15:11:48,83.4988,13610,0,1136419,1
2018-06-02 15:11:48,15.0172,13610,0,204384,1
2018-06-02 15:11:49,1091.0186,13610,0,14848763,1
2018-06-02 15:13:07,357.7292,13630,0,-4875849,0
2018-06-02 15:13:35,3.56,13620,0,48487,1
2018-06-02 15:15:05,3.0355,13590,0,41252,1
2018-06-02 15:16:36,13.3075,13560,0,180450,1
2018-06-02 15:16:40,72.4009,13560,0,981756,1
2018-06-02 15:16:48,265.4253,13550,0,3596513,1
2018-06-02 15:27:58,1200.0,13580,0,-16296000,0
2018-06-02 15:35:29,32.1821,13620,0,438320,1
2018-06-02 15:40:09,233.4728,13600,0,3175230,1
2018-06-02 15:44:49,396.803,13600,0,5396521,1
2018-06-02 15:53:26,662.4579,13640,0,-9035926,0
2018-06-02 15:55:47,327.3185,13740,0,4497356,1
2018-06-02 15:55:48,654.44,13740,0,8992006,1
2018-06-02 15:55:48,200.0001,13740,0,2748001,1
2018-06-02 15:56:04,20.0,13750,0,-275000,0
2018-06-02 15:56:08,83.1528,13760,0,-1144183,0
2018-06-02 15:56:08,1.8,13760,0,-24768,0
2018-06-02 15:56:12,2.1,13760,0,-28896,0
2018-06-02 15:57:04,1069.7058,13790,0,-14751243,0
2018-06-02 15:57:04,5.0,13790,0,-68950,0
2018-06-02 15:58:17,116.2221,13780,0,1601541,1
2018-06-02 15:58:30,33.102,13750,0,455153,1
2018-06-02 15:58:30,429.5035,13750,0,5905673,1
2018-06-02 15:58:31,64.7903,13750,0,890867,1
2018-06-02 15:58:32,556.3821,13750,0,7650254,1
2018-06-02 16:03:37,1200.0,13810,0,-16572000,0
2018-06-02 16:06:25,1200.0,13800,0,16560000,1
2018-06-02 16:16:13,163.7808,13720,0,-2247073,0
2018-06-02 16:16:13,1036.2192,13720,0,-14216927,0
2018-06-02 16:22:40,7.3963,13770,0,101847,1
2018-06-02 16:26:11,1106.7557,13800,0,15273229,1
2018-06-02 16:26:11,85.848,13810,0,1185561,1
2018-06-02 16:31:12,46.4355,13860,0,-643596,0
2018-06-02 16:31:12,19.7039,13860,0,-273096,0
2018-06-02 16:31:12,1133.8606,13860,0,-15715308,0
2018-06-02 16:33:16,92.2159,13910,0,1282723,1
2018-06-02 16:33:16,202.3404,13910,0,2814555,1
2018-06-02 16:33:16,905.4437,13910,0,12594722,1
2018-06-02 16:33:34,215.8278,13940,0,-3008640,0
2018-06-02 16:33:34,311.6928,13940,0,-4344998,0
2018-06-02 16:33:34,100.0,13940,0,-1394000,0
2018-06-02 16:33:35,10.0,13940,0,-139400,0
2018-06-02 16:33:36,562.4794,13940,0,-7840963,0
2018-06-02 16:33:59,198.8321,13900,0,2763766,1
2018-06-02 16:33:59,1000.0,13900,0,13900000,1
2018-06-02 16:33:59,1.1679,13900,0,16234,1
2018-06-02 16:43:15,36.7934,13970,0,-514004,0
2018-06-02 16:43:15,10.0,13970,0,-139700,0
2018-06-02 16:43:29,263.0725,14000,0,-3683015,0
2018-06-02 16:43:30,296.7085,14000,0,-4153919,0
2018-06-02 16:43:30,100.0,14000,0,-1400000,0
2018-06-02 16:44:38,67.6001,14000,0,946401,1
2018-06-02 16:44:38,300.2424,14000,0,4203394,1
2018-06-02 16:45:20,12.116,14010,0,-169745,0
2018-06-02 16:45:45,350.8479,13990,0,4908362,1
2018-06-02 16:49:21,33.7692,14010,0,-473106,0
2018-06-02 16:49:35,33.7692,14000,0,472769,1
2018-06-02 17:00:58,99.5591,13980,0,-1391836,0
2018-06-02 17:00:59,1.0,13980,0,-13980,0
2018-06-02 17:00:59,42.6884,13980,0,-596784,0
2018-06-02 17:00:59,1.7878,13980,0,-24993,0
2018-06-02 17:01:02,71.02,13990,0,-993570,0
2018-06-02 17:01:03,404.757,13990,0,-5662550,0
2018-06-02 17:01:03,57.1372,13990,0,-799349,0
2018-06-02 17:01:03,35.5626,13990,0,-497521,0
2018-06-02 17:01:03,15.5252,13990,0,-217198,0
2018-06-02 17:01:03,304.3199,13990,0,-4257435,0
2018-06-02 17:02:22,608.5084,14020,0,8531288,1
2018-06-02 17:03:10,63.6049,14000,0,890469,1
2018-06-02 17:03:10,360.8928,14000,0,5052499,1
2018-06-02 17:03:10,0.3511,14020,0,4922,1
2018-06-02 17:13:15,100.0,14070,0,-1407000,0
2018-06-02 17:13:15,1.0,14070,0,-14070,0
2018-06-02 17:13:16,636.4479,14070,0,-8954822,0
2018-06-02 17:13:16,3.8806,14070,0,-54600,0
2018-06-02 17:13:16,1.0,14070,0,-14070,0
2018-06-02 17:13:16,457.6715,14070,0,-6439438,0
2018-06-02 17:14:42,597.6161,14070,0,8408459,1
2018-06-02 17:14:42,126.8643,14070,0,1784981,1
2018-06-02 17:14:42,195.5196,14070,0,2750961,1
2018-06-02 17:14:42,280.0,14070,0,3939600,1
2018-06-02 17:18:06,347.4898,14080,0,-4892656,0
2018-06-02 17:19:04,95.9793,14120,0,1355228,1
2018-06-02 17:19:38,98.0813,14140,0,-1386870,0
2018-06-02 17:19:43,254.5459,14170,0,-3606915,0
2018-06-02 17:19:44,79.6167,14170,0,-1128169,0
2018-06-02 17:19:45,386.9922,14170,0,-5483679,0
2018-06-02 17:19:46,3.9,14170,0,-55263,0
2018-06-02 17:19:47,3.0,14170,0,-42510,0
2018-06-02 17:19:47,1.7,14170,0,-24089,0
2018-06-02 17:19:47,1.9,14170,0,-26923,0
2018-06-02 17:19:47,113.0,14170,0,-1601210,0
2018-06-02 17:19:48,5.7534,14170,0,-81526,0
2018-06-02 17:21:28,145.8007,14260,0,2079118,1
2018-06-02 17:21:28,2.8883,14260,0,41187,1
2018-06-02 17:21:29,134.6349,14260,0,1919894,1
2018-06-02 17:21:29,210.2312,14260,0,2997897,1
2018-06-02 17:23:19,276.7422,14420,0,3990623,1
2018-06-02 17:23:19,270.28,14420,0,3897438,1
2018-06-02 17:23:20,83.038,14420,0,1197408,1
2018-06-02 17:23:20,5.1282,14420,0,73949,1
2018-06-02 17:23:21,71.2565,14420,0,1027519,1
2018-06-02 17:25:58,1064.8376,14390,0,-15323013,0
2018-06-02 17:27:38,1064.8376,14500,0,15440145,1
2018-06-02 17:28:53,1200.0,14430,0,-17316000,0
2018-06-02 17:29:38,956.8298,14410,0,13787917,1
2018-06-02 17:29:39,243.1702,14410,0,3504083,1
2018-06-02 17:31:24,26.8962,14360,0,-386229,0
2018-06-02 17:31:44,1172.8038,14390,0,-16876647,0
2018-06-02 17:31:44,0.3,14390,0,-4317,0
2018-06-02 17:32:51,8.3675,14420,0,120659,1
2018-06-02 17:32:51,48.6719,14420,0,701849,1
2018-06-02 17:32:51,11.4943,14420,0,165748,1
2018-06-02 17:32:51,9.7942,14420,0,141232,1
2018-06-02 17:32:51,100.0,14420,0,1442000,1
2018-06-02 17:32:55,41.0619,14410,0,591702,1
2018-06-02 17:32:55,980.6102,14410,0,14130593,1
2018-06-02 17:35:00,286.42028284,14530,0,-4161687,0
2018-06-02 17:35:00,88.709,14530,0,-1288942,0
2018-06-02 17:35:00,25.5378,14530,0,-371064,0
2018-06-02 17:35:00,45.17641715,14530,0,-656413,0
2018-06-02 17:35:36,445.8435,14520,0,6473648,1
2018-06-02 17:39:01,0.182,14430,0,-2626,0
2018-06-02 17:39:01,50.0,14430,0,-721500,0
2018-06-02 17:39:20,50.182,14400,0,722621,1
2018-06-02 17:39:39,100.0,14400,0,-1440000,0
2018-06-02 17:39:42,1100.0,14400,0,-15840000,0
2018-06-02 17:41:14,1200.0,14400,0,17280000,1
2018-06-02 17:42:44,61.26,14410,0,-882757,0
2018-06-02 17:42:44,441.0956,14410,0,-6356188,0
2018-06-02 17:42:44,408.3533,14410,0,-5884371,0
2018-06-02 17:42:45,289.2911,14410,0,-4168685,0
2018-06-02 17:44:53,38.8686,14470,0,562429,1
2018-06-02 17:44:54,1147.1178,14470,0,16598795,1
2018-06-02 17:45:07,14.0136,14470,0,202777,1
2018-06-02 17:46:07,45.8349,14410,0,-660481,0
2018-06-02 17:47:00,4.012e-05,14430,0,-1,0
2018-06-02 17:49:05,45.8349,14370,0,658648,1
2018-06-02 17:53:03,68.2572,14390,0,-982221,0
2018-06-02 17:53:03,731.4884,14390,0,-10526118,0
2018-06-02 17:53:03,9.0,14390,0,-129510,0
2018-06-02 17:53:03,94.8182,14390,0,-1364434,0
2018-06-02 17:53:03,296.4362,14390,0,-4265717,0
2018-06-02 17:53:30,608.0598,14380,0,8743900,1
2018-06-02 17:54:35,30.0,14350,0,430500,1
2018-06-02 17:54:50,2.0,14340,0,28680,1
2018-06-02 17:54:50,89.8222,14340,0,1288050,1
2018-06-02 17:54:55,280.0,14340,0,4015200,1
2018-06-02 17:54:55,48.9502,14340,0,701946,1
2018-06-02 17:56:42,117.3972,14330,0,1682302,1
2018-06-02 17:56:54,15.1491,14320,0,216935,1
2018-06-02 17:56:54,8.6215,14320,0,123460,1
2018-06-02 17:58:34,752.5664,14290,0,-10754174,0
2018-06-02 17:59:51,93.45061698,14310,0,1337278,1
2018-06-02 17:59:56,200.0,14300,0,2860000,1
2018-06-02 17:59:57,25.1271,14300,0,359318,1
2018-06-02 18:00:00,5.0,14300,0,71500,1
2018-06-02 18:00:00,12.5819,14300,0,179921,1
2018-06-02 18:01:04,281.3510905,14320,0,-4028948,0
2018-06-02 18:01:38,697.7579,14310,0,9984916,1
2018-06-02 18:02:50,2.0,14340,0,-28680,0
2018-06-02 18:02:50,0.3444,14340,0,-4939,0
2018-06-02 18:02:50,588.82019302,14340,0,-8443682,0
2018-06-02 18:03:50,57.6532,14330,0,826170,1
2018-06-02 18:03:50,100.7676,14330,0,1444000,1
2018-06-02 18:03:50,77.0827,14330,0,1104595,1
2018-06-02 18:03:51,237.4316,14330,0,3402395,1
2018-06-02 18:03:51,118.2295,14330,0,1694229,1
2018-06-02 18:04:20,400.0,14370,0,-5748000,0
2018-06-02 18:04:20,21.658,14370,0,-311225,0
2018-06-02 18:04:21,5.2447,14370,0,-75366,0
2018-06-02 18:04:21,0.5465,14370,0,-7853,0
2018-06-02 18:04:21,30.7602,14370,0,-442024,0
2018-06-02 18:04:21,460.97160751,14370,0,-6624162,0
2018-06-02 18:08:50,69.0,14290,0,986010,1
2018-06-02 18:08:50,9.0,14290,0,128610,1
2018-06-02 18:08:50,9.0,14290,0,128610,1
2018-06-02 18:08:50,111.0,14290,0,1586190,1
2018-06-02 18:08:50,38.518,14290,0,550422,1
2018-06-02 18:08:50,139.958,14290,0,2000000,1
2018-06-02 18:08:50,280.0,14290,0,4001200,1
2018-06-02 18:08:50,2.6313,14290,0,37601,1
2018-06-02 18:08:50,5.0,14290,0,71450,1
2018-06-02 18:08:51,255.0737,14290,0,3645003,1
2018-06-02 18:12:09,193.3873,14260,0,-2757703,0
2018-06-02 18:12:10,351.8384,14260,0,-5017216,0
2018-06-02 18:12:51,545.2257,14220,0,7753109,1
2018-06-02 18:16:27,34.4309,14270,0,-491329,0
2018-06-02 18:17:18,34.4309,14310,0,492706,1
2018-06-02 18:19:35,336.5434,14300,0,-4812571,0
2018-06-02 18:19:40,6.697,14290,0,-95700,0
2018-06-02 18:20:12,568.43608041,14300,0,-8128636,0
2018-06-02 18:20:12,288.32351958,14300,0,-4123026,0
2018-06-02 18:25:41,1200.0,14290,0,17148000,1
2018-06-02 18:30:44,1190.2479,14420,0,-17163375,0
2018-06-02 18:30:44,8.7521,14420,0,-126205,0
2018-06-02 18:30:44,1.0,14420,0,-14420,0
2018-06-02 18:31:22,400.8557,14390,0,5768314,1
2018-06-02 18:31:26,21.222,14390,0,305385,1
2018-06-02 18:31:33,777.9223,14390,0,11194302,1
2018-06-02 18:32:16,199.0,14420,0,-2869580,0
2018-06-02 18:32:16,52.1548,14420,0,-752072,0
2018-06-02 18:32:16,69.5049,14420,0,-1002261,0
2018-06-02 18:32:16,564.8653,14420,0,-8145358,0
2018-06-02 18:32:16,314.475,14420,0,-4534730,0
2018-06-02 18:34:35,610.5904,14390,0,8786396,1
2018-06-02 18:34:39,589.4096,14370,0,8469816,1
2018-06-02 18:35:20,2.0,14390,0,-28780,0
2018-06-02 18:38:13,2.0,14360,0,28720,1
2018-06-02 18:44:58,439.691,14410,0,-6335947,0
2018-06-02 18:45:24,93.501,14440,0,-1350154,0
2018-06-02 18:45:50,91.95474221,14450,0,-1328746,0
2018-06-02 18:45:50,100.0,14450,0,-1445000,0
2018-06-02 18:45:50,84.5001,14450,0,-1221026,0
2018-06-02 18:45:50,20.0,14450,0,-289000,0
2018-06-02 18:45:50,24.7132,14450,0,-357106,0
2018-06-02 18:45:50,13.1446,14450,0,-189939,0
2018-06-02 18:46:22,10.3951,14430,0,150001,1
2018-06-02 18:47:19,155.672,14420,0,2244790,1
2018-06-02 18:49:03,0.5,14410,0,7205,1
2018-06-02 18:49:23,28.9663,14380,0,416535,1
2018-06-02 18:49:23,152.8561,14380,0,2198071,1
2018-06-02 18:49:23,340.1171,14380,0,4890884,1
2018-06-02 18:49:23,178.998,14380,0,2573991,1
2018-06-02 18:51:22,278.7456,14390,0,-4011149,0
2018-06-02 18:51:33,98.0584,14380,0,1410080,1
2018-06-02 18:52:17,91.1336,14400,0,-1312324,0
2018-06-02 18:52:21,132.44,14410,0,-1908460,0
2018-06-02 18:52:21,14.604,14410,0,-210444,0
2018-06-02 18:53:46,124.39798904,14420,0,1793819,1
2018-06-02 18:53:46,203.4305,14420,0,2933468,1
2018-06-02 18:54:22,57.6271,14390,0,829254,1
2018-06-02 18:54:23,3.0423,14390,0,43779,1
2018-06-02 18:57:17,30.3669,14350,0,435765,1
2018-06-02 19:05:53,18.5084,14430,0,-267076,0
2018-06-02 19:06:34,425.8084,14460,0,-6157189,0
2018-06-02 19:06:34,200.0,14460,0,-2892000,0
2018-06-02 19:09:58,57.1608,14570,0,832833,1
2018-06-02 19:09:59,81.699,14570,0,1190354,1
2018-06-02 19:10:15,317.6624,14540,0,4618811,1
2018-06-02 19:10:15,187.7946,14540,0,2730533,1
2018-06-02 19:12:29,1200.0,14620,0,-17544000,0
2018-06-02 19:15:41,410.8112,14790,0,6075898,1
2018-06-02 19:15:42,90.0,14790,0,1331100,1
2018-06-02 19:15:48,20.0,14780,0,295600,1
2018-06-02 19:15:48,201.1211,14780,0,2972570,1
2018-06-02 19:15:48,202.9769,14780,0,2999999,1
2018-06-02 19:15:49,131.8976,14780,0,1949447,1
2018-06-02 19:15:49,65.8902,14780,0,973857,1
2018-06-02 19:15:49,77.303,14780,0,1142538,1
2018-06-02 19:16:58,500.0,14860,0,-7430000,0
2018-06-02 19:16:58,234.9411,14860,0,-3491225,0
2018-06-02 19:16:58,8.6516,14860,0,-128563,0
2018-06-02 19:16:58,10.0,14860,0,-148600,0
2018-06-02 19:16:58,2.0048,14860,0,-29791,0
2018-06-02 19:16:59,444.4025,14860,0,-6603821,0
2018-06-02 19:17:38,277.8655,14790,0,4109631,1
2018-06-02 19:17:38,922.1345,14790,0,13638369,1
2018-06-02 19:19:17,285.38562388,14820,0,-4229415,0
2018-06-02 19:19:18,1.0,14820,0,-14820,0
2018-06-02 19:19:18,675.09997611,14820,0,-10004982,0
2018-06-02 19:19:18,5.0,14820,0,-74100,0
2018-06-02 19:20:35,966.4856,14740,0,14245998,1
2018-06-02 19:21:13,73.4836,14750,0,-1083883,0
2018-06-02 19:21:30,73.4836,14780,0,1086088,1
2018-06-02 19:23:37,403.1991,14790,0,-5963315,0
2018-06-02 19:23:38,5.0,14790,0,-73950,0
2018-06-02 19:24:08,408.1991,14810,0,6045429,1
2018-06-02 19:26:06,24.0747,14830,0,-357028,0
2018-06-02 19:26:07,25.6706,14830,0,-380695,0
2018-06-02 19:26:07,29.9483,14830,0,-444133,0
2018-06-02 19:26:07,6.7575,14830,0,-100214,0
2018-06-02 19:26:07,11.0,14830,0,-163130,0
2018-06-02 19:26:07,280.0,14830,0,-4152400,0
2018-06-02 19:28:13,629.36956017,14790,0,-9308376,0
2018-06-02 19:28:13,193.17933982,14790,0,-2857122,0
2018-06-02 19:28:25,55.0,14770,0,812350,1
2018-06-02 19:28:25,0.5,14770,0,7385,1
2018-06-02 19:29:06,1144.5,14740,0,16869930,1
2018-06-02 19:31:57,14.8214,14690,0,-217726,0
2018-06-02 19:32:01,184.9735,14710,0,-2720960,0
2018-06-02 19:32:38,2.0,14700,0,-29400,0
2018-06-02 19:33:10,266.895,14740,0,-3934032,0
2018-06-02 19:34:22,731.31,14730,0,-10772196,0
2018-06-02 19:34:37,0.3795,14730,0,5590,1
2018-06-02 19:37:24,1199.6204,14890,0,17862348,1
2018-06-02 19:38:40,1200.0,14910,0,-17892000,0
2018-06-02 19:41:53,1200.0,14930,0,17916000,1
2018-06-02 19:42:03,152.3173352,14940,0,-2275621,0
2018-06-02 19:42:31,152.3174,14960,0,2278668,1
2018-06-02 19:42:41,6.4534,14930,0,-96349,0
2018-06-02 19:42:50,6.4534,14930,0,96349,1
2018-06-02 19:43:24,560.51165093,14960,0,-8385254,0
2018-06-02 19:43:37,639.4884,14970,0,-9573141,0
2018-06-02 19:45:46,614.255698,15050,0,9244548,1
2018-06-02 19:46:11,614.2557,15050,0,-9244548,0
2018-06-02 19:48:19,525.7916,15000,0,7886874,1
2018-06-02 19:48:19,240.7421,15000,0,3611132,1
2018-06-02 19:48:26,376.4886,15000,0,5647329,1
2018-06-02 19:48:26,56.9777,15000,0,854665,1
2018-06-02 19:50:30,320.4873,15080,0,-4832948,0
2018-06-02 19:50:30,471.14072546,15080,0,-7104802,0
2018-06-02 19:50:30,408.37197453,15080,0,-6158249,0
2018-06-02 19:50:46,880.8245,15100,0,13300450,1
2018-06-02 19:50:46,56.42,15100,0,851942,1
2018-06-02 19:50:47,147.3659,15100,0,2225225,1
2018-06-02 19:50:47,115.3896,15100,0,1742383,1
2018-06-02 19:51:17,2.4,15090,0,-36216,0
2018-06-02 19:51:25,472.7709,15090,0,-7134113,0
2018-06-02 19:51:37,64.03249682,15120,0,-968171,0
2018-06-02 19:51:37,4.96640317,15120,0,-75092,0
2018-06-02 19:52:10,101.3663,15080,0,1528604,1
2018-06-02 19:52:10,19.495,15080,0,293985,1
2018-06-02 19:52:10,56.59273823,15080,0,853418,1
2018-06-02 19:52:10,50.0,15080,0,754000,1
2018-06-02 19:52:10,136.64536176,15080,0,2060612,1
2018-06-02 19:52:10,180.0704,15080,0,2715462,1
2018-06-02 19:53:33,1200.0,15140,0,-18168000,0
2018-06-02 19:55:48,40.9773,14990,0,614250,1
2018-06-02 19:55:48,50.7767,14990,0,761143,1
2018-06-02 19:55:48,45.699,14990,0,685028,1
2018-06-02 19:55:49,358.0,14990,0,5366420,1
2018-06-02 19:55:49,704.547,14990,0,10561160,1
2018-06-02 19:56:00,913.13717784,15030,0,-13724452,0
2018-06-02 19:56:00,286.86282215,15030,0,-4311548,0
2018-06-02 19:59:03,1136.3268,15010,0,17056265,1
2018-06-02 19:59:03,63.6732,15010,0,955735,1
2018-06-02 20:00:23,0.7349,15020,0,-11038,0
2018-06-02 20:00:34,1129.6864,15030,0,-16979187,0
2018-06-02 20:00:34,69.5787,15030,0,-1045768,0
2018-06-02 20:00:55,0.4,14990,0,5996,1
2018-06-02 20:00:55,111.8934,14990,0,1677282,1
2018-06-02 20:00:56,1000.0,14990,0,14990000,1
2018-06-02 20:01:00,43.2142,14990,0,647781,1
2018-06-02 20:01:06,44.4924,14980,0,666496,1
2018-06-02 20:03:14,693.0242,14960,0,-10367642,0
2018-06-02 20:03:54,84.4968,14900,0,1259002,1
2018-06-02 20:03:55,239.626,14900,0,3570427,1
2018-06-02 20:03:55,33.0,14900,0,491700,1
2018-06-02 20:03:55,263.4147,14900,0,3924879,1
2018-06-02 20:03:55,71.4867,14900,0,1065152,1
2018-06-02 20:03:55,1.0,14900,0,14900,1
2018-06-02 20:08:31,1200.0,14910,0,-17892000,0
2018-06-02 20:08:59,3.224,14910,0,48070,1
2018-06-02 20:08:59,99.51515761,14910,0,1483771,1
2018-06-02 20:09:01,100.0,14910,0,1491000,1
2018-06-02 20:09:03,131.0865,14910,0,1954500,1
2018-06-02 20:09:05,79.397,14910,0,1183809,1
2018-06-02 20:09:06,17.5109,14910,0,261088,1
2018-06-02 20:09:08,154.634,14910,0,2305593,1
2018-06-02 20:09:12,168.07,14910,0,2505924,1
2018-06-02 20:09:15,3.224,14910,0,48070,1
2018-06-02 20:09:19,443.33844238,14910,0,6610176,1
2018-06-02 20:13:25,139.4661,14770,0,-2059914,0
2018-06-02 20:15:15,76.5914,14820,0,1135085,1
2018-06-02 20:15:48,79.3969,14820,0,-1176662,0
2018-06-02 20:16:19,142.2716,14800,0,2105620,1
2018-06-02 20:17:37,142.0062,14830,0,-2105952,0
2018-06-02 20:17:43,188.7185,14830,0,-2798695,0
2018-06-02 20:17:43,81.6367,14830,0,-1210672,0
2018-06-02 20:19:24,412.3614,14840,0,6119443,1
2018-06-02 20:19:59,10.0,14840,0,-148400,0
2018-06-02 20:20:09,98.23857676,14850,0,-1458843,0
2018-06-02 20:20:09,200.2071,14850,0,-2973075,0
2018-06-02 20:20:43,119.8679,14850,0,1780038,1
2018-06-02 20:20:43,188.5778,14850,0,2800380,1
2018-06-02 20:21:17,1153.7485,14820,0,-17098553,0
2018-06-02 20:26:49,72.2365,14880,0,1074879,1
2018-06-02 20:26:49,100.0,14880,0,1488000,1
2018-06-02 20:26:50,200.0,14880,0,2976000,1
2018-06-02 20:26:50,16.801,14880,0,249999,1
2018-06-02 20:26:50,47.9807,14880,0,713953,1
2018-06-02 20:27:15,201.8842,14860,0,2999999,1
2018-06-02 20:27:18,82.81197846,14860,0,1230586,1
2018-06-02 20:27:19,121.0404,14860,0,1798660,1
2018-06-02 20:27:20,60.5202,14860,0,899330,1
2018-06-02 20:27:21,13.2754,14860,0,197272,1
2018-06-02 20:27:44,3.2926,14860,0,48928,1
2018-06-02 20:27:45,53.4322,14860,0,794002,1
2018-06-02 20:27:45,45.2393,14860,0,672256,1
2018-06-02 20:27:45,16.8237,14860,0,250000,1
2018-06-02 20:28:32,852.3623,14850,0,-12657580,0
2018-06-02 20:29:40,4.309e-05,14850,0,1,1
2018-06-02 20:29:41,0.4,14850,0,5940,1
2018-06-02 20:31:53,61.636,14810,0,912829,1
2018-06-02 20:33:21,250.0,14800,0,3700000,1
2018-06-02 20:33:21,658.7366,14800,0,9749302,1
2018-06-02 20:33:38,49.925,14800,0,-738890,0
2018-06-02 20:33:38,85.5333,14800,0,-1265893,0
2018-06-02 20:33:38,482.07,14800,0,-7134636,0
2018-06-02 20:33:38,53.4299,14800,0,-790763,0
2018-06-02 20:34:09,7.0,14790,0,103530,1
2018-06-02 20:34:13,1.0,14790,0,14790,1
2018-06-02 20:35:17,662.9582,14810,0,9818411,1
2018-06-02 20:35:39,46.5656,14810,0,-689637,0
2018-06-02 20:36:20,39.5175,14810,0,-585254,0
2018-06-02 20:38:18,86.0831,14800,0,1274030,1
2018-06-02 20:55:42,72.4333,14700,0,-1064770,0
2018-06-02 20:55:42,87.5768,14700,0,-1287379,0
2018-06-02 20:56:35,154.7819,14680,0,2272198,1
2018-06-02 20:56:36,5.2282,14680,0,76750,1
2018-06-02 21:01:04,1023.0013,14660,0,-14997199,0
2018-06-02 21:01:05,176.9987,14660,0,-2594801,0
2018-06-02 21:01:32,776.3242,14670,0,11388676,1
2018-06-02 21:01:38,70.8183,14670,0,1038904,1
2018-06-02 21:01:55,79.397,14680,0,1165548,1
2018-06-02 21:01:55,168.8082,14680,0,2478104,1
2018-06-02 21:01:55,104.6523,14680,0,1536296,1
2018-06-02 21:10:01,37.8046,14820,0,-560264,0
2018-06-02 21:10:13,37.8046,14820,0,560264,1
2018-06-02 21:10:55,66.2893,14900,0,-987711,0
2018-06-02 21:10:56,71.9933,14900,0,-1072700,0
2018-06-02 21:10:56,25.0,14900,0,-372500,0
2018-06-02 21:10:56,10.0,14900,0,-149000,0
2018-06-02 21:10:56,1024.7174,14900,0,-15268289,0
2018-06-02 21:10:56,2.0,14900,0,-29800,0
2018-06-02 21:12:31,1200.0,14840,0,17808000,1
2018-06-02 21:25:46,53.7764,14770,0,-794277,0
2018-06-02 21:25:47,152.5989,14770,0,-2253886,0
2018-06-02 21:25:47,46.3404,14770,0,-684448,0
2018-06-02 21:25:47,200.0,14770,0,-2954000,0
2018-06-02 21:26:10,5.0,14740,0,73700,1
2018-06-02 21:26:11,16.9606,14740,0,249999,1
2018-06-02 21:26:11,4.0,14740,0,58960,1
2018-06-02 21:26:11,5.0,14740,0,73700,1
2018-06-02 21:26:11,421.7551,14740,0,6216670,1
2018-06-02 21:35:57,1200.0,14680,0,-17616000,0
2018-06-02 21:37:28,200.0001,14700,0,2940001,1
2018-06-02 21:40:34,176.9405,14710,0,2602795,1
2018-06-02 21:42:55,110.4362,14740,0,1627830,1
2018-06-02 21:42:55,80.477,14740,0,1186231,1
2018-06-02 21:43:00,22.1245,14730,0,325894,1
2018-06-02 21:43:00,80.477,14730,0,1185426,1
2018-06-02 21:44:17,80.477,14720,0,1184621,1
2018-06-02 21:44:18,200.0001,14720,0,2944001,1
2018-06-02 21:44:30,36.9606,14720,0,-544060,0
2018-06-02 21:45:54,410.8082,14760,0,-6063529,0
2018-06-02 21:48:16,231.6263,14710,0,3407223,1
2018-06-02 21:48:16,1.0,14710,0,14710,1
2018-06-02 21:48:16,3.0753,14710,0,45238,1
2018-06-02 21:48:16,10.0,14710,0,147100,1
2018-06-02 21:48:16,67.0172,14710,0,985823,1
2018-06-02 21:48:16,293.6406,14710,0,4319453,1
2018-06-02 21:48:16,80.477,14720,0,1184621,1
2018-06-02 21:48:16,10.0,14710,0,147100,1
2018-06-02 21:48:30,23.0758,14710,0,-339445,0
2018-06-02 21:49:19,21.9243,14750,0,323383,1
2018-06-02 21:49:51,0.0042,14780,0,62,1
2018-06-02 21:49:52,1.1473,14780,0,16957,1
2018-06-02 21:50:00,11.7069,14810,0,-173379,0
2018-06-02 21:50:00,177.4783,14810,0,-2628454,0
2018-06-02 21:50:00,50.0,14810,0,-740500,0
2018-06-02 21:50:00,48.1735,14810,0,-713450,0
2018-06-02 21:50:01,39.1875,14810,0,-580367,0
2018-06-02 21:50:01,1.0,14810,0,-14810,0
2018-06-02 21:50:01,0.6237,14810,0,-9237,0
2018-06-02 21:50:41,328.1699,14790,0,4853633,1
2018-06-02 22:05:16,619.815,14700,0,-9111281,0
2018-06-02 22:15:10,619.815,14760,0,9148469,1
2018-06-02 22:19:02,67.112,14810,0,-993929,0
2018-06-02 22:19:53,67.112,14830,0,995271,1
2018-06-02 22:23:00,91.3571,14790,0,-1351172,0
2018-06-02 22:23:57,88.2263,14790,0,1304867,1
2018-06-02 22:24:07,3.1308,14770,0,46242,1
2018-06-02 22:26:00,824.7227,14810,0,-12214143,0
2018-06-02 22:26:26,824.7227,14810,0,12214143,1
2018-06-02 22:28:44,107.2801,14820,0,-1589891,0
2018-06-02 22:30:14,92.4627,14760,0,1364749,1
2018-06-02 22:30:14,14.8174,14760,0,218705,1
2018-06-02 22:30:17,107.2801,14760,0,-1583454,0
2018-06-02 22:32:23,107.2801,14790,0,1586673,1
2018-06-02 22:45:14,544.3337,14900,0,-8110572,0
2018-06-02 22:45:19,625.3265,14900,0,-9317365,0
2018-06-02 22:46:05,6.6224,14890,0,98608,1
2018-06-02 22:46:39,252.4988,14900,0,3762232,1
2018-06-02 22:46:39,0.2738,14900,0,4080,1
2018-06-02 22:46:39,894.1057,14900,0,13322175,1
2018-06-02 22:46:39,16.1595,14900,0,240777,1
2018-06-02 22:53:19,410.8108,14810,0,-6084108,0
2018-06-02 22:53:19,3.2667,14810,0,-48380,0
2018-06-02 22:53:43,785.9225,14800,0,-11631653,0
2018-06-02 22:55:02,225.3721,14790,0,3333253,1
2018-06-02 22:55:02,316.1493,14790,0,4675848,1
2018-06-02 22:55:03,0.5,14790,0,7395,1
2018-06-02 22:55:08,657.9786,14780,0,9724924,1
2018-06-02 22:57:37,50.0,14790,0,-739500,0
2018-06-02 22:57:37,769.3348,14790,0,-11378462,0
2018-06-02 23:00:55,34.3029,14760,0,506311,1
2018-06-02 23:00:55,57.4,14760,0,847224,1
2018-06-02 23:00:55,92.0,14760,0,1357920,1
2018-06-02 23:00:55,0.3,14760,0,4428,1
2018-06-02 23:00:55,0.5,14760,0,7380,1
2018-06-02 23:00:55,0.4,14760,0,5904,1
2018-06-02 23:01:08,634.4319,14760,0,9364215,1
2018-06-02 23:01:34,14.8444,14760,0,-219103,0
2018-06-02 23:02:22,52.0732,14770,0,-769121,0
2018-06-02 23:02:23,200.0,14770,0,-2954000,0
2018-06-02 23:02:23,288.2608,14770,0,-4257612,0
2018-06-02 23:08:27,249.237,14810,0,-3691200,0
2018-06-02 23:08:27,221.8587,14810,0,-3285727,0
2018-06-02 23:09:58,3.0363,14790,0,44907,1
2018-06-02 23:09:59,51.0,14790,0,754290,1
2018-06-02 23:12:47,135.4096,14770,0,2000000,1
2018-06-02 23:12:47,25.3893,14770,0,375000,1
2018-06-02 23:12:47,5.0,14770,0,73850,1
2018-06-02 23:12:47,742.8458,14770,0,10971832,1
2018-06-02 23:12:47,63.5931,14770,0,939270,1
2018-06-02 23:12:59,1.1456,14770,0,-16921,0
2018-06-02 23:14:13,192.583,14760,0,-2842525,0
2018-06-02 23:15:54,193.7286,14770,0,2861371,1
2018-06-02 23:20:29,0.033,14750,0,-487,0
2018-06-02 23:20:29,169.5113,14750,0,-2500292,0
2018-06-02 23:27:45,79.987,14800,0,1183808,1
2018-06-02 23:27:46,89.5573,14800,0,1325448,1
2018-06-02 23:28:55,174.1695,14860,0,-2588159,0
2018-06-02 23:28:55,200.0,14860,0,-2972000,0
2018-06-02 23:28:56,8.5,14860,0,-126310,0
2018-06-02 23:28:56,453.67,14860,0,-6741536,0
2018-06-02 23:29:36,836.3395,14830,0,12402915,1
2018-06-02 23:39:33,5.233e-05,14790,0,-1,0
2018-06-02 23:43:42,88.4333,14770,0,-1306160,0
2018-06-02 23:44:40,17.1158,14780,0,-252972,0
2018-06-02 23:44:44,70.9758,14780,0,-1049022,0
2018-06-02 23:46:01,505.5589,14780,0,-7472161,0
2018-06-02 23:50:47,105.5209,14820,0,1563820,1
2018-06-02 23:51:27,54.268,14820,0,804252,1
2018-06-02 23:51:28,56.3657,14820,0,835340,1
2018-06-02 23:52:18,465.9292,14800,0,6895752,1
2018-06-02 23:58:23,558.1249,14850,0,-8288155,0
2018-06-02 23:59:12,84.3065,14830,0,1250265,1
2018-06-02 23:59:12,93.9553,14830,0,1393357,1
